0,1,2,3,4,5,6,7,8,9,10,11,12,13,14,15,16,17,18,19,20,21,22,23
2057.4369901700543,2057.4367992885045,2057.4271519074036,2057.725286228928,2055.792747913597,2068.331972831206,2083.343749288671,2068.2108302321035,2031.8543981796352,2052.5204111251896,2084.322922827212,2086.731818878898,2067.1271246910464,2067.1196402658134,2067.3895655812075,2066.2503775039663,2033.6193420095603,2048.3499897744887,2083.085450311623,2086.9007385734467,2088.085701726033,2051.6893089913406,2007.5517897399118,2004.5123845400242
2150.537634408602,2150.537634408602,2150.537897053992,2150.435365278713,2152.5035018218214,2139.380724074382,2232.5832162990414,2335.48948004385,2308.786509224982,2242.4766955829714,2163.3114181217265,2093.950702503374,2340.7799217885395,2340.728859667516,2340.054247599054,2343.905646616945,2314.2447525185266,2248.9663835831743,2172.103578820729,2095.276822093134,2024.6119691926172,2009.0663452123179,2044.7577534554143,2064.3898063052548
2033.8983050847462,2033.8983050847462,2033.898304706833,2033.89822593884,2033.877428910334,2034.0128249971137,2033.0092632493142,2030.4552836008402,2007.394876500722,1967.2524194993464,1978.1246898222607,2019.1368314341803,2027.9567134513168,2027.9488857500423,2027.686067097087,2029.6559405696305,2011.3020372213955,1969.6456330565286,1974.460360702391,2015.3924141691055,2072.837212744297,2113.4478809345223,2093.836413234767,2042.9843708669077
2027.8856000314531,2027.8836299144302,2027.7957151869691,2029.143086952441,2021.0724919707052,2083.339257568625,2150.100297760968,2117.202853139525,2046.3242754364796,1995.7456928966171,1972.557714097564,1971.3730566407608,2114.2123251085486,2114.2020130453748,2114.706683374452,2112.06706844349,2051.887606490661,1999.7936871993466,1973.2385238922102,1971.3450928570694,1970.3848236873762,1988.6995351918251,2014.4844304692383,2016.5846251691064
1943.3198380566796,1943.3198380566796,1943.3197949473008,1943.345522301309,1943.1141206464029,1944.3047433808847,1931.9868138319478,1921.6584174477953,1941.1861789640013,1986.9084220417997,1974.4930331454657,1941.1776022856711,1923.9428319713509,1923.9520110509927,1924.3323990036713,1921.6456077679652,1936.947439999787,1984.3518158888905,1978.0797914720185,1943.1175420662003,1929.3986620699375,1924.384140546242,1923.8477336883257,1923.8476994460866
2414.486921529175,2414.486921529175,2414.4863792189262,2414.4753686458575,2414.2576922415965,2415.373421574918,2452.1722627262325,2453.80801575807,2396.6077609210847,2449.573842822002,2502.0819948525996,2470.350703734334,2453.845338354144,2453.811007399956,2453.929404855705,2454.149383964479,2399.7765629263627,2439.947727987767,2502.677992798256,2474.6165025753808,2403.0093468693913,2293.6021087610943,2274.8815165876786,2274.8815165876777
2267.3594709494564,2267.3594709494564,2267.359465731183,2267.3610906656318,2267.2738722574713,2267.833701699451,2264.2759467078718,2251.726200779152,2207.438940012543,2183.722171521766,2213.1955857291264,2293.337174234304,2249.045049249888,2249.004975585309,2248.733819508881,2250.72006826115,2212.314132573814,2183.726789229614,2205.183783176966,2297.217125684959,2435.16599173064,2375.6046814994543,2248.1071034085385,2238.8094088922508
2316.9749607106364,2316.9750497884193,2317.0003575756114,2318.4008899074274,2307.7780563172287,2363.984871282811,2476.895162143247,2454.8012683942434,2428.0363668980153,2465.279587436569,2433.1064732765994,2348.209752086901,2454.3674047697846,2454.382045497734,2455.2360199723985,2450.2890824941064,2426.743846152462,2462.2633473780916,2441.579323426267,2353.092563796584,2256.634818327102,2168.9656692060603,2090.8972093337334,2056.2007348173674
2086.95652173913,2086.95652173913,2086.956767510933,2086.86416768603,2088.292156714796,2079.6965648951546,2145.940701093103,2214.7484341546706,2180.4202925876843,2111.3450672081717,2054.4044990892994,2024.3387825455557,2216.063839848747,2215.9946870175418,2215.17649034446,2220.07672537681,2186.9277130732476,2117.116888902706,2059.233180809407,2025.3560427194357,2011.8997746352686,2008.6253943049437,2051.3750211286383,2086.5342738641116
2118.2700798984924,2118.2700794841935,2118.2856965941005,2118.93832489031,2113.453457051957,2138.2201598029305,2274.706330185424,2290.5261186204984,2190.3021728803674,2106.5452617449823,2044.7140653009028,2005.7660505297279,2289.2640070449424,2289.218426438009,2289.269754817819,2289.361733460924,2199.819261022998,2113.3107145247222,2050.082759474162,2006.9313351185483,1977.1088733319039,2022.4881140679427,2132.939335808278,2146.4499337548773
2139.9910833704857,2139.9910833704857,2139.9910773245615,2139.9938573547056,2139.810163794673,2141.071331714934,2133.300684282766,2121.10340665654,2120.0620708002175,2113.910399356692,2180.070384691635,2235.9685519868663,2120.2644751578787,2120.2728623295084,2120.3483622308977,2119.9403145945444,2120.1857852798585,2113.1594189798275,2171.4174017122045,2233.2738471636167,2155.6698992422366,2115.3697010354003,2114.5374449339206,2114.5374449339197
2031.3161235652533,2031.316123571045,2031.3201500222444,2031.4897331798018,2029.8869788801549,2037.2637276109858,2083.264276350783,2092.6368115972205,2018.0753377504886,1991.0181117338616,2056.6925724860503,2071.0255869079065,2092.1496839059364,2092.092352750107,2091.8282937873487,2094.124872545171,2025.9661323136672,1987.850569036384,2051.632205509493,2070.8357149322474,2029.4715985434736,2004.5738974516871,1993.362462416797,1991.7746765717907
2254.4036381473074,2254.403184806629,2254.381340769155,2254.7820134710337,2252.3447630511264,2269.9036893876973,2287.0077528920892,2261.702337050463,2226.179371803236,2204.1793720353603,2213.4902444077507,2265.377018205506,2259.9534778937214,2259.9578902783887,2260.3737173911477,2258.156065431388,2228.5996072430485,2206.1281153509644,2209.1468710929994,2261.7920695013913,2307.9267825616325,2331.4848782458103,2269.127307772608,2207.747092871613
2556.5913033490024,2556.591221420494,2556.5257794257927,2553.108246888835,2578.595323900703,2445.980855475362,2214.261786028835,2278.5815937976317,2511.1802935203305,2611.068919217088,2701.3312326090518,2742.1063826317395,2279.6316053876276,2279.7608916050217,2277.927987262203,2288.3291738223515,2495.717959059618,2603.5276703011796,2693.495908171311,2739.8451858063327,2750.5963637468767,2674.1668036231385,2584.6250520818603,2581.066554701059
2204.869085898025,2204.869085898025,2204.869085015217,2204.861332989917,2204.5320295469837,2207.0601490149925,2194.867266403936,2165.5579316346757,2170.7230129060968,2211.5962863642335,2237.627976982997,2248.0419372629876,2165.4777846890884,2165.471387775515,2165.8253812987177,2163.6124084391467,2167.8385366885577,2208.1722711498696,2235.732908973475,2248.351769081073,2226.8859654576245,2203.382624484502,2190.32049672777,2186.858397081124
2138.084632516703,2138.084632516703,2138.084716938504,2138.0471503314034,2139.912883602149,2127.216442155564,2206.602829885122,2313.904601853597,2266.3091190996875,2173.309816330075,2116.1032562424716,2082.7406402586957,2316.249447099717,2316.137045106159,2314.8358288282734,2322.671774139825,2275.783204882346,2180.0427878226383,2120.952501245916,2083.62019502842,2058.3080002624,2051.5463347002815,2069.4176752881162,2082.3637755806412
2214.022140221402,2214.022140221402,2214.022041169328,2214.121473506484,2213.2376483543294,2217.8039478396067,2168.1838596571934,2130.2027835834806,2188.899295197072,2261.0469248837903,2288.0811202959485,2280.909194555511,2133.4720094061727,2133.5744231667436,2134.616964570319,2127.8584364661797,2179.8500131292967,2256.859128278182,2287.4297097118138,2280.368810698093,2230.188408739768,2196.89420719431,2178.738352411292,2177.0153918231936
2237.762237757331,2237.7622377617186,2237.7567920257425,2237.517422312899,2239.893220179049,2228.8230637230795,2162.5352648831545,2156.345487251712,2268.6179649513438,2301.369940068178,2297.5723800279466,2269.842962886619,2155.723585757376,2155.820557291179,2156.1284143409976,2153.8810761730597,2259.473439437658,2301.067219506547,2299.6245908122455,2270.114448468144,2235.618785232563,2217.3106598786867,2212.057507438963,2211.9896081283396
2136.1818328278487,2136.1816026795186,2136.171350353437,2136.340043400788,2135.312030418134,2143.0851321059595,2151.770377457969,2150.4645758586626,2147.28923225597,2166.839451441879,2172.8608608667296,2143.3783538396297,2150.3610370029555,2150.361147175894,2150.3967122895856,2150.2952604693155,2146.8680950997405,2164.2877991888017,2175.010974875688,2144.562236564849,2114.228531217707,2090.02845200418,2082.4708304026817,2082.4338774221173
2409.033875804671,2409.0338769082045,2409.043219862768,2409.4416962425416,2406.5382989532136,2420.0941772261767,2492.474795958286,2605.764587234721,2659.403764835385,2582.194216828668,2492.675937445119,2401.88716619728,2608.856950569455,2608.8182975160635,2607.098476500323,2616.78821318274,2661.7680343606835,2590.3866223589343,2503.1541319370717,2404.234346557298,2259.28958392693,2192.1413629036556,2174.2298457080096,2172.056628449517
2237.7622377690873,2237.7622377629637,2237.7675011821098,2237.986349888317,2236.0272075430526,2244.8036593285324,2293.531188834317,2288.8459832584495,2225.147658283924,2211.9821829130415,2211.8249940951,2234.218211636302,2289.2882946117543,2289.254769924489,2289.482896182578,2288.318578260809,2229.2937853147782,2212.312899618134,2210.22723710315,2234.6178623599503,2253.394731230097,2230.3658608640285,2212.323803816575,2212.017806097299
2099.736895484454,2099.7374646811227,2099.704574659654,2099.9438937285854,2098.8059521820614,2114.572519036317,2125.643781511923,2097.619401954331,2069.496117811621,2143.127093811819,2175.1261831823986,2133.4603887378935,2096.494743633507,2096.4970188560783,2096.997310877999,2094.503416561725,2068.050987648748,2134.5200317938607,2177.8061105498027,2135.3805640055234,2088.1716115592158,2042.1890533227004,2025.4488703456511,2025.330477006625
2161.188653767831,2161.188653760442,2161.1864510298747,2161.096932922703,2161.903551323117,2158.2462830859745,2130.0161674444184,2120.015413669452,2122.9494171173587,2154.996272818564,2222.3110133390255,2228.0304877488697,2119.5034090698723,2119.507478847817,2119.563419313025,2119.5763606331875,2122.717488857977,2148.572072497452,2218.7447214169406,2228.7544042731215,2214.9889710896805,2168.8269383813913,2118.5125950595193,2114.9310410100397
2428.842504743833,2428.842504743833,2428.842503654624,2428.808129139894,2427.1246097889702,2439.7588586163033,2375.178095510664,2253.9739584630775,2307.2498874047983,2448.1554282957372,2494.6994132597847,2514.519038168137,2256.585349265966,2256.6177761683894,2258.3764558153903,2246.4665752048263,2292.8896241704115,2439.8923810176843,2491.688197616363,2514.3819109545175,2525.3800466510265,2526.315789473684,2526.315789473684,2526.3157894736837
2422.2035323800583,2422.2035323801415,2422.198644358791,2421.9431334743213,2424.9817996539473,2410.433105775148,2282.4996752248408,2262.090837131291,2401.2808185598046,2479.9702447384157,2494.934174020368,2458.4103166805153,2260.9655642118914,2261.0782911077686,2261.3387657435196,2259.532484685242,2389.0936083843235,2475.0836646259254,2497.5389994783905,2459.3957073769707,2455.6651851310853,2467.9063594547806,2454.309248269482,2442.8105329268906
2209.9447513812156,2209.9447513812156,2209.944618821279,2209.9966730032825,2208.6980276092368,2217.00880209781,2160.4858929658203,2090.782050871013,2090.1787508670423,2114.937857789084,2259.8160589805107,2344.294034499165,2087.0320617968237,2087.0705787144875,2087.576021060674,2084.9221958590956,2088.6765164947055,2109.377994532924,2243.899047116879,2341.863235083298,2311.8092838928756,2271.4118285027052,2230.463409216058,2222.599788067193
2395.2095808383224,2395.2095808383224,2395.2095808387726,2395.209490643958,2395.2069444067783,2395.211270643942,2394.6311666313595,2395.915533776605,2358.2819953794,2296.7986231221694,2299.261622147498,2331.514613242172,2391.218451809844,2391.2366553936467,2390.7196699565484,2394.792647285456,2365.3451490456127,2299.68984043796,2295.701515619754,2335.026757678083,2476.5360612679533,2503.937066917968,2488.8336289780336,2487.2191242758363
2121.0782147591694,2121.0782147591694,2121.0782069933925,2121.081010531297,2120.9991435553407,2121.4995990731913,2118.164027677528,2109.3526030297344,2096.0691298285656,2080.5133134666103,2064.3839867671095,2055.839242268114,2108.280630444934,2108.2778598174596,2108.278806453223,2108.3912309166876,2097.5334548279725,2081.922456086037,2066.4878301527388,2051.110090318183,2164.4016965377486,2238.1354441518997,2184.4897109298004,2138.2318377349425
2158.273381294964,2158.273381294964,2158.273379887836,2158.2608269091174,2157.733596729935,2161.7236558594295,2142.3277863980866,2081.032626201785,2058.167500086553,2049.298251788001,2067.4697798374605,2133.792897869428,2077.1230681498355,2077.1632746552677,2077.6893773937504,2074.954541126386,2059.0056001155453,2050.4315291426083,2062.0461328892015,2127.7931962075027,2218.770117096907,2277.4808249266844,2275.0625701855192,2264.2756452253634
2228.4122562674097,2228.4122562674097,2228.4090702412464,2228.031123595049,2231.023861493626,2214.6938022401564,2457.569132961825,2575.112423139107,2459.997675670113,2308.943195204608,2172.6334436368297,2085.0770474843553,2577.572950712461,2577.4933219398677,2577.1212932158423,2579.33746697508,2473.238619778567,2323.3692084220966,2184.707888968196,2085.86398797945,2040.6007572888075,2039.91458740554,2046.1976776153124,2046.8402252893134
2272.727272727404,2272.7272727272866,2272.7260876299047,2272.667542986311,2273.3236213948876,2270.1836766735137,2251.089634280705,2251.5820270069335,2292.942084373258,2341.7209360434294,2368.562935852901,2337.581043888931,2251.937564121855,2251.965790531818,2252.100675780419,2251.266686149713,2288.480472952692,2336.8617760724014,2369.6469443786505,2339.4715716008463,2279.878488773201,2188.142863210861,2148.0717588139296,2147.6955599074868
2128.603078096882,2128.6031014474547,2128.6000479700224,2129.178516288096,2125.134206259191,2148.871129082852,2182.40329782759,2155.46248812638,2095.6868878599116,2074.8773769370428,2070.26516482292,2161.031295862801,2153.9743143870946,2153.9620413750417,2154.4556604850654,2151.7759785076573,2099.3232390045846,2077.260741495944,2063.689301110612,2162.482377644432,2231.5803782937764,2154.038615905296,2084.420129562911,2082.6402875794993
2094.2408374784272,2094.240837673261,2094.2442932615277,2094.394130125113,2093.1905646599703,2098.7148672404337,2122.1240991612312,2127.2641278772257,2113.310410906344,2083.588578459914,2043.1091335858473,2028.0913393767448,2127.1558691767177,2127.147383971198,2127.0800595507294,2127.3840197886598,2114.994688841086,2087.4972989608773,2046.012672197975,2028.9427702259882,2016.8505038533826,2058.9753400526615,2177.9419970442177,2195.4544573631947
2067.1834625372994,2067.183462532829,2067.184347356717,2067.223311523523,2066.8970473932723,2068.250132331522,2073.8195950468544,2069.488731475702,2011.0951711899115,2008.4131911716415,2108.0032485712563,2131.6069450372115,2068.5872774397244,2068.5503502199244,2068.4569958701904,2069.813732618248,2017.2231888994854,2001.8754321797194,2100.7674231806177,2132.0188838451036,2128.628383912524,2100.140519692236,2034.8493352354499,2021.719405462182
2263.083451202263,2263.083451202263,2263.0834512293222,2263.092214239236,2263.470861440521,2260.323860405517,2274.4588889648685,2334.066630304089,2319.703190407292,2241.485457748041,2220.7482773146176,2217.1706635817163,2333.796108351347,2333.809258833829,2332.9623062283736,2338.45447727098,2326.3903288967385,2246.416339423588,2221.671189930098,2215.564443734618,2260.032213285953,2285.757060744226,2262.259615162896,2248.322089637959
2088.7728459530026,2088.7728459530026,2088.772457661876,2088.706197965714,2089.1891859273223,2086.79367491136,2123.025996353128,2148.552984022493,2110.81966410353,2079.9515960565586,2116.0583660309267,2129.5036440673325,2147.722722546092,2147.6662941330837,2147.1192117125092,2150.6116212038733,2116.214295004842,2079.345366293638,2112.621233653326,2129.021265856674,2084.350102952489,2051.1416327072284,2033.6355721489567,2029.6980350534623
2050.4058054089783,2050.405809051718,2050.432442223944,2051.588970736723,2042.378915858286,2084.530217147671,2268.623011247901,2279.6194154236136,2147.8581278418933,2035.439823981611,1963.928861539259,1955.6944316033305,2277.454474250831,2277.4039910597344,2277.636073961604,2276.711108165404,2159.890154703904,2045.2497102135917,1967.1471821437374,1955.2907395020234,1954.7453453660553,1958.836495156025,1972.038731925293,1975.181072611454
2074.3301700134516,2074.3301648315023,2074.335436522819,2074.554635416741,2072.9688595187363,2080.691569070275,2111.369998414031,2148.798638056424,2190.6723358139793,2157.047239476296,2075.2829346186963,2021.8002887636694,2151.5609631362076,2151.562836293334,2151.251265569015,2152.2537373888485,2188.433432462531,2164.146947366842,2082.807229510368,2022.1751166514923,1989.8307684875745,1989.8504001545018,2005.4925932004962,2008.158464126214
2061.855666835434,2061.8556697570816,2061.8509570904293,2061.6514633784363,2063.1763972234617,2055.8892768982346,2032.2605792367729,2025.9487189007712,2031.0968897610073,2048.4424277915837,2079.996126124982,2088.9930981293537,2025.8634146255984,2025.8668941548108,2025.9028545287908,2025.7987217472996,2030.48976923904,2045.6090281167233,2077.833406096557,2088.999725201593,2091.864170649996,2086.566364879677,2071.6557167711294,2069.130974742882
2172.928927116342,2172.928927116342,2172.9288675328944,2172.9231063569237,2172.9475176424467,2172.8787944356395,2175.5036872557644,2179.406569895916,2121.853929398563,2089.381631175487,2206.4944746713336,2242.380677401201,2177.0219197232077,2176.9495101006833,2176.301255678728,2180.583798005915,2129.800928060068,2084.6543156247044,2196.3349258318376,2242.5017378000857,2212.4525855733673,2185.7299271220613,2165.1313947553017,2162.354660260057
2178.84702605237,2178.8470267044368,2178.8304548731758,2178.1135891054087,2183.640613587099,2157.7213646836053,2060.7993218284632,2030.6128999606815,2034.9732091145197,2052.064169300955,2102.052087057337,2229.1603897969726,2030.012207295259,2030.0155306482125,2030.056701967169,2029.9247752204294,2034.4422378971672,2049.931934824048,2089.80073998985,2234.711234291864,2391.1648666655947,2380.0605812287176,2342.995695130488,2341.625666927102
2519.684997687552,2519.68503495634,2519.695851863294,2520.2911966911443,2515.765751470608,2539.824198073353,2588.0443377719675,2601.334189592459,2594.5875154314363,2566.6916140629246,2618.028210395109,2614.789124395027,2600.305365886935,2600.3221470325107,2600.1250072217094,2601.5643116331485,2597.2181075212975,2566.277286262552,2614.289641306601,2612.9681311578706,2485.6739062252377,2368.6354561467115,2295.7861665364053,2291.640967687523
2431.4056563951026,2431.4056563951026,2431.4032109459304,2431.2917054138793,2431.551303194997,2430.372899504977,2570.90142873051,2613.830157095353,2561.7342910802645,2518.576696531156,2446.3809534408974,2355.4324405240586,2614.1212804761026,2614.093251388325,2614.1358686175927,2614.0106146370736,2566.734718223379,2522.1811804072577,2456.5699532282856,2360.3941522944174,2336.5663512362453,2330.053735206903,2310.1486520280923,2296.816859596908
2254.579614842649,2254.579614842649,2254.5796148455065,2254.5838955261756,2254.7644027547312,2253.3722989370945,2259.7181579808503,2297.0534962429033,2332.0994355439416,2359.7232734199506,2322.1456189940427,2258.970506654611,2300.612337072572,2300.599041411439,2300.403378344715,2301.1172772071495,2328.7603839269154,2358.748082122205,2329.419350867691,2261.1959011866875,2186.831653484448,2161.661951592444,2173.175306199214,2181.808261906319
2253.521126760563,2253.521126760563,2253.5224223376545,2253.6141504418038,2253.2161468672894,2254.762720356331,2196.5444799400325,2166.0553166238415,2223.452379369177,2301.943720469568,2358.1827500009585,2352.7262195279786,2166.957645980554,2167.0245854359214,2167.72154752539,2163.4608584814778,2215.747038600106,2294.759481565526,2356.0580117083928,2353.664097463079,2315.274149169213,2230.190699942243,2160.8851394503445,2157.680946548673
2146.690518783542,2146.690518783542,2146.6905088193644,2146.6954472702,2146.423298591773,2148.2681165959143,2136.8309632189216,2120.509597201627,2124.9973787108634,2136.7436607415316,2138.0739609341254,2138.139678405734,2120.316442907029,2120.3283926655768,2120.5280165095724,2119.2763626052483,2123.6903021840267,2136.204722311672,2138.1358248382826,2137.3668108301626,2168.9476974012246,2186.6449935674354,2166.872341228534,2152.520650653603
2444.820126704834,2444.821561791523,2444.893978763776,2442.3349740791655,2459.232363858877,2349.65438177631,2220.4350002016167,2251.338565557648,2363.551401021842,2498.9901713620993,2547.4161846092566,2560.8718292151684,2256.4780907623976,2256.494551636842,2256.072873822337,2257.9036152017825,2350.8180163821326,2489.341543916569,2545.277413948758,2560.233580515701,2575.1855439464543,2551.25219202895,2487.8843413146287,2481.261551559849
2298.481962157173,2298.4834599023643,2298.642411855071,2297.4008918546597,2303.3232264365834,2232.886906972231,2183.6794414987517,2379.741010692396,2508.966619476957,2524.7420339187393,2444.8697156954813,2339.819570851968,2389.7201485641563,2389.3488388419996,2385.1134442062503,2408.28854345717,2505.5923570597615,2525.2241369606695,2457.64139737419,2344.0712792570753,2252.0393952679306,2170.8234667424686,2094.747217853076,2073.873906888636
2246.1394478240522,2246.1394478240522,2246.139463933565,2246.138965544098,2245.2789672901686,2251.351262103013,2216.8032998607496,2170.406907531402,2236.8224982339534,2344.0621121488493,2354.9524933671055,2340.1970991933754,2177.714912166996,2177.737830224581,2179.012697586402,2169.4588537604204,2223.4671592171485,2339.763560454332,2355.991354105065,2338.3555673409196,2239.6192621786886,2182.6461214102414,2159.475511878748,2157.455930449956
2104.3402016659356,2104.3402016659356,2104.3401906635295,2104.345194734301,2104.9397503108717,2100.605545858996,2124.808528394975,2170.0672086114696,2171.903459076069,2155.4385926570676,2144.885165548193,2133.4146223513576,2172.4918985416357,2172.4580644344746,2172.054709570156,2174.2234470135713,2173.150279445963,2156.7350105860332,2145.9206546269797,2134.995650797291,2077.9234786931497,2038.4508492522286,2031.1179275381292,2029.6378951359238
2008.36820083682,2008.36820083682,2008.3672856269422,2008.2670852204346,2008.9397616408967,2005.6631055466112,2064.831529571532,2106.082371312016,2056.2555286142997,1998.5827584093026,1980.745172289015,1975.4235918917595,2105.3156079708774,2105.2407382040833,2104.4696171071882,2109.2781691386285,2063.6266398520766,2001.6048714828426,1981.7900108866922,1975.6261543095893,1975.2906351568236,1975.1551065764381,1984.5910629508671,1995.6768192972397
2214.0220699196348,2214.0221327771887,2214.035427473144,2212.9867197007943,2220.1307315302956,2177.192088772976,2125.00285795527,2205.0457333826153,2336.5837743484053,2342.043338396884,2314.461093653297,2247.711536555267,2204.623664662227,2204.685360095412,2202.7362049268922,2214.204649261251,2331.6500730872767,2342.431931550065,2320.470235153831,2251.2763235735997,2173.6081711736715,2089.0693077390906,2068.9686304030047,2068.965846892258
2110.8179419525068,2110.8179419525068,2110.817907816361,2110.748246832715,2111.36236963565,2108.140448468535,2144.8297009854955,2172.7439126927056,2139.5227314851873,2090.837015628721,2057.357752359539,2050.5287287193582,2171.9282978552083,2171.8766548615695,2171.3171267473876,2174.757449203212,2144.6759673033034,2094.64050785479,2059.2604182300524,2051.004766438621,2141.5825405808655,2174.069910703019,2109.1074049263466,2073.669768021533
2177.8584392014513,2177.8584392014513,2177.858674210526,2177.761953943126,2178.9710885067343,2171.96061769135,2231.818280162701,2284.9514076331197,2244.8631900990454,2185.63640957761,2144.2473243267955,2123.514442186286,2285.675095662559,2285.6126184621253,2284.9335221080064,2289.052473562677,2251.0950298053795,2190.2105628698478,2147.5977027769954,2124.090274146571,2110.593856159793,2118.2522292325025,2168.410071376054,2181.307126419183
2116.868798235942,2116.868798235942,2116.868800713787,2116.8840107167525,2117.5480891539723,2112.4974407310388,2137.627051428267,2201.4572060551877,2201.4411891883256,2158.442345545349,2130.919137662826,2108.977614761285,2203.8075583998925,2203.7711546581286,2203.073394731064,2207.066100409125,2204.483182426826,2162.003109005511,2133.3142126675934,2110.5272141631513,2068.84811952401,2019.3966650052257,2012.5786163522016,2012.5786163522016
2216.0664819944595,2216.0664819944595,2216.0664169849915,2216.093217512227,2215.677216838328,2218.067934811826,2200.552317654845,2179.310844385841,2255.8183863408412,2331.6684844305564,2302.943600308925,2262.812772868714,2186.665412523712,2186.803844181659,2188.1246035692584,2178.778525378445,2243.8605855138567,2330.422750291528,2307.5876136017996,2264.467863473095,2214.8924692162846,2160.7133481099295,2105.739801936162,2096.599226357639
2208.927749654855,2208.927749654855,2208.927749634692,2208.927306357,2208.911273600705,2208.9906232007534,2208.4639907958526,2201.4368345941257,2176.047128624564,2127.834889417064,2185.1643102424946,2263.110640099701,2198.8046564345696,2198.819367627152,2198.66368375037,2200.0287882535577,2180.1784362412473,2130.165427658261,2175.312830694524,2257.0315722333994,2264.741594861134,2261.78411828435,2221.049090229776,2202.0371639838113
2034.7604917337853,2034.7604917337853,2034.7588301488806,2034.6806984156344,2034.9077738464732,2033.924309395609,2119.8270193795906,2165.9385788970108,2113.2793415921365,2045.5698468546132,1989.0397703616804,1971.952300428211,2166.64302184057,2166.5886415546356,2166.082298441376,2169.2774097927186,2120.2515957088353,2051.449248350802,1993.0357813288606,1972.0505397098443,1977.2643081127449,1986.056566577708,2000.2234749936767,2008.2740823506679
2106.186924089513,2106.186924089513,2106.186962557432,2106.164092794913,2107.9993932244506,2095.2709877480656,2172.569019269506,2284.805341708931,2242.104877939092,2144.403271609887,2083.5855521969706,2045.182529735393,2287.2559608278852,2287.1436798867044,2285.7767918516465,2293.9835491008694,2251.5913869721708,2151.5920992253104,2088.8730350437518,2046.48259665769,2012.6737603327672,1999.7176224966574,2038.2251123878164,2077.378241937865
2188.447556561596,2188.4496022874964,2188.3938801097597,2188.8293384149474,2186.5887049579333,2217.199647706675,2238.1758771864825,2206.9187347917277,2204.9679220067296,2322.0280353341695,2296.400274635607,2194.27702281876,2208.404875337409,2208.3784102866452,2209.145191780559,2204.4200686779,2198.1756870293602,2313.3118632611777,2306.7693483117896,2200.9757994867123,2123.3716626700075,2088.026260137701,2092.6364105772345,2109.6598708795127
2084.2379477209547,2084.237950205126,2084.2380953532747,2084.231823880742,2084.2865273388593,2083.7586059829214,2084.490097511848,2062.359122424398,2040.0504436440526,2036.6141215122932,2044.6681825667663,2139.48543412457,2061.4479974622136,2061.448609101959,2061.835268374708,2059.6368261468087,2040.7244467233945,2038.111517724653,2037.1528055305257,2139.018493775608,2190.7513921007117,2125.7200221217736,2078.6607492072358,2078.000295395995
2090.59209167129,2090.5923087892534,2090.6017352637696,2090.4161105960966,2091.5181346340482,2083.488641241224,2067.3709423936516,2043.647444645504,2020.682079955035,2047.2092556195937,2089.9960441950866,2106.2929064868126,2041.9733450483582,2041.9760703277248,2042.2119241198307,2041.2770023247483,2021.430051947459,2042.624886640665,2087.2105502522586,2105.5608955661837,2121.4321366000677,2149.7355416747296,2166.5807654831356,2166.993955358021
2198.808978469995,2198.808978469995,2198.8089784774884,2198.808475834136,2198.7888617423896,2198.9037096943593,2198.3563394093617,2191.02574897804,2174.426963740897,2145.9141631800358,2157.247986932812,2195.99252544393,2189.5209629722876,2189.5297794902067,2189.5019420819485,2189.892882046496,2176.8450877041,2147.9245952015517,2153.5454687989463,2193.324061834272,2224.41672894598,2237.511571141115,2235.6884515426123,2232.574107286471
2204.3632357212978,2204.3628473636845,2204.343093499477,2204.5570221614685,2203.3866443992765,2214.1072748914994,2223.171740919647,2205.577057362535,2195.467030891366,2273.204482352836,2282.413630363033,2231.012851979507,2205.801092441763,2205.7926744058004,2206.172692692804,2204.0770751424884,2192.240873860378,2265.955689562401,2286.682397855685,2234.987863107635,2178.2931648474078,2144.5447095915656,2147.019668828244,2161.9699133817508
2202.845341899954,2202.845341899954,2202.845346243836,2202.879280191007,2204.3164596882625,2193.231236623991,2247.5504574988067,2393.9122561465715,2376.256076989299,2273.4264293527567,2183.7121495891124,2118.125458753926,2399.5406548652522,2399.424993386094,2397.7453162313086,2407.3998880453432,2384.5764416129796,2282.2941929122526,2192.486575796392,2120.317311973939,2058.4975571577047,2039.3945833390408,2145.1277722078607,2211.601140028065
2027.4551214361138,2027.4551214361138,2027.4551688326394,2027.4366000900918,2028.0263498839158,2024.1644849450884,2049.3866620875156,2083.5211435827873,2078.614847126689,2052.67510831747,2034.8432844282902,2019.95682954725,2084.579402347022,2084.556311023169,2084.1991698658044,2086.261747919333,2080.640607528234,2054.7984819746307,2036.5103522609052,2020.7886131180167,1997.0767597625572,1968.2244167246631,1963.19018404908,1963.19018404908
2102.4967148488836,2102.4967148488836,2102.496492086828,2102.4974053316487,2102.276678545491,2103.430142881839,2137.2011938804103,2151.9645513482587,2130.0082411910976,2094.8779498763815,2050.956518183148,2057.9842532951484,2152.041968437191,2152.022134204953,2151.830663226318,2152.9809255488058,2132.8711214712116,2099.045204229604,2052.5850283409914,2059.578330156909,2149.369483911748,2154.9814325099996,2075.0810032898953,2052.0740811117103
2055.674517142793,2055.674518089202,2055.671269931312,2055.5151298969663,2056.6859056884473,2050.707830740762,2036.7608265090673,2035.57606438817,2044.6998836951498,2045.9102188654506,2042.842004992545,2044.5784947739126,2035.6475935328654,2035.6521887046833,2035.6357711028402,2035.6618350186613,2044.016677278656,2046.1824670253177,2042.9166333696828,2044.4905451204156,2052.36738694867,2070.3059596075072,2096.786510098737,2100.3768206538543
2121.081524873003,2121.0785696219837,2121.1091444102644,2120.96669284168,2121.508205417996,2104.4810121420796,2095.0800974321073,2115.306538467026,2152.147083029299,2197.182050986835,2195.5461710653576,2145.4819115237037,2117.499626787559,2117.497341547934,2117.300202469332,2118.1984323859697,2148.237426503875,2193.4478634743896,2199.7602485690063,2148.0437732524383,2097.908978893378,2050.184130688218,2038.2232273210893,2038.2172664543607
2162.162160179403,2162.162161952209,2162.1598992822,2162.065010538937,2162.780173525174,2159.3337555093576,2147.572738890484,2141.778422271441,2135.5006451609424,2159.0331581707496,2198.3113651993594,2205.2557941102627,2141.0130961429363,2141.013722387548,2141.039940933157,2141.299619347902,2135.9289681994433,2154.5476724153214,2196.293562532772,2205.5781538399415,2207.271901114602,2162.6509496166736,2125.217495578037,2124.033970104436
2200.8253094910588,2200.8253094910588,2200.8253128924966,2200.8268968764282,2200.1242711666737,2205.102263028192,2175.874878018529,2127.261992263995,2120.590862923292,2124.3840056533327,2157.6251835396192,2213.728884336842,2124.034704561951,2124.071782578879,2124.4157379533344,2122.716113547742,2120.3298766071584,2123.7937130524488,2151.6835270900683,2210.91428647858,2305.174095881719,2331.394062945201,2253.703614549451,2222.775282403596
2185.7923497267757,2185.7923497267757,2185.792342375747,2185.8003156751693,2185.6328034903704,2186.6348030036124,2178.9454670568216,2158.9044455886196,2109.1906667700823,2075.3450385852384,2076.6582851388735,2096.788469275601,2155.2681292441157,2155.227841432794,2154.989899848319,2156.884486708812,2114.6581961509733,2076.5637751108106,2074.489896270912,2098.7848764356795,2311.916361689434,2374.1376338775617,2291.9285391404474,2270.638419112087
2024.4622522142554,2024.4622522142554,2024.4622451931737,2024.4682225098175,2024.3934372800873,2024.8044199212784,2021.0625759193854,2014.6263506767032,2008.5082854510765,2002.2127978428496,1985.5825364575326,1971.8217145337965,2014.1418785977144,2014.1431883184066,2014.1783105986742,2014.00753227034,2009.0368070738248,2003.0650635231293,1987.496310780752,1972.4570060040942,1974.983792877603,1982.3388908298814,2057.7371930277627,2160.7589592313693
2126.716877645421,2126.7168804795915,2126.7402482747375,2127.7558441122646,2119.6214754825655,2156.603023635611,2318.345646124043,2307.4439289779266,2185.315892079902,2175.557926666832,2185.4785975796285,2118.1674485139292,2307.112924660177,2307.075393102994,2307.9683075456796,2303.1715075336188,2192.1315634305092,2173.17663517862,2189.6458856015943,2119.3844185363396,2029.0536048209458,1976.204800388796,1949.1274989721785,1947.4405708249099
2187.7848678213304,2187.7848678213304,2187.7841494725662,2187.7473466049737,2187.8650514429046,2187.3809943059478,2221.1280348065748,2236.8318290402863,2205.4904781491905,2194.9935980137725,2209.078886505029,2211.8540912939084,2237.132557459123,2237.1007749617743,2236.9050944205055,2238.3165709434415,2208.765367350753,2194.082251632439,2208.181531441599,2211.441984036791,2215.3930319447036,2172.4025624331853,2099.6457354926406,2092.206308081215
2284.626368167196,2284.626368371774,2284.6297866437703,2284.7824683267854,2283.5775763014854,2288.5272108888057,2306.4302268043066,2271.6334978917803,2176.6112851616804,2166.5910018835,2194.8798992764764,2366.2131455786957,2271.1425491638315,2271.1116487333084,2271.78640089088,2268.1722931299323,2181.856713690072,2167.4433074012036,2181.2430996437406,2364.5663841683445,2455.702112024861,2370.306955009068,2335.7720927223045,2335.7670236833974
2189.78102159448,2189.7810218656905,2189.7711434339008,2189.3474954376916,2192.947630133328,2176.4887691063095,2112.0981589551184,2111.856214915708,2230.067919570265,2263.921306309322,2265.090318323356,2230.359512328827,2111.4305435091005,2111.525273038509,2111.7444901857048,2109.9910324717493,2220.6999455716095,2263.3006435476577,2267.282873004916,2230.4172800021097,2181.0300818889873,2155.962649036461,2147.8517833244105,2147.6722668304988
2454.196839150034,2454.196846203439,2454.2091169238674,2454.829754142249,2450.159084095092,2474.2185695400212,2520.0664669614034,2478.374286218123,2454.3597196796327,2536.555564504595,2554.222214399745,2547.45369679259,2479.1182176392667,2479.118599314569,2480.264208455642,2473.3814736769846,2449.426387684398,2530.891453211038,2554.981637622154,2545.614381904168,2429.2638236164175,2344.153308973839,2301.4094406978106,2296.9879736372022
1976.3252702007212,1976.3252702007212,1976.3256203570702,1976.192680005647,1978.3892761792288,1965.0217460995195,2065.4093849612896,2177.4155912922097,2123.970859742144,2007.8099819138097,1917.6469673395893,1867.036129997071,2179.2357625122077,2179.1166210476586,2177.70103911969,2186.181599854526,2134.8447028214396,2017.196461782602,1925.2247674601824,1869.8555908486667,1864.9339116625404,1888.5377550460737,1897.2324654122096,1897.2331236285386
2207.911928887431,2207.9117095131332,2207.896852560174,2206.569066584054,2216.261245545581,2163.268221169511,2075.838936357561,2102.405003976715,2214.7533554999227,2237.846615895098,2244.2171442241506,2254.8336023662596,2102.626121386132,2102.6842101069155,2102.0394369235755,2105.6404939290487,2208.0691074854985,2237.442735945364,2243.1027534667573,2254.63517656354,2258.6892919020283,2251.6451964370726,2248.252149371393,2248.244469272282
2142.8571428571427,2142.8571428571427,2142.8571404604527,2142.8565700343916,2143.039751343002,2141.7575595167464,2149.1319421041935,2158.8251092320684,2144.14772591083,2107.4627436856854,2086.8557214190832,2078.146719012582,2157.1754376911094,2157.172735220037,2156.8782589376165,2158.9432478574463,2147.36520552137,2110.2012499517614,2088.5173364458033,2077.356672495677,2096.4657442926837,2137.1466548881735,2210.9202898532294,2253.109096131984
2202.8454380916805,2202.84535208564,2202.8299683816495,2204.98201538396,2189.812473240367,2280.204537217419,2408.6549528306127,2327.548025449966,2204.811985555346,2139.0151869526576,2133.7302110131213,2183.5039238792897,2321.3420316946795,2321.358757907306,2322.8371294377266,2314.923651569401,2212.9893070838875,2143.874104580483,2129.3626557236203,2182.5544272997918,2188.912168545471,2123.587783417407,2100.6742934357812,2100.658344028789
2073.4341252699787,2073.4341252699787,2073.4341252720246,2073.427327435247,2073.147335174831,2075.696301224287,2064.02700812744,1980.0008469499987,1944.1918616286255,1967.8295775497313,2032.233621887444,2159.236629915922,1974.618546884652,1974.6479556365905,1975.4168653516545,1971.455008124068,1944.4760688679592,1965.0440650991413,2019.7201102582005,2156.6571928606095,2213.9434599289457,2172.457028421514,2143.0696267781054,2142.879642656281
2290.0763358778627,2290.0763358778627,2290.076792675331,2289.901048998906,2292.2185044846965,2278.5056254581496,2391.769681295595,2478.1360571367213,2329.8349311189268,2267.61276564978,2309.6011592675763,2271.416458580404,2480.2876348636064,2480.0985665220865,2478.794151504281,2487.2748915363827,2345.7309595054066,2265.1576506213296,2310.016209449672,2269.3474098378747,2192.469229446866,2197.565122681796,2229.718262031761,2232.2672012370185
2227.378190255221,2227.378190255221,2227.378374778147,2227.3053942698093,2228.532207657388,2221.0835084666523,2276.4585586357134,2331.4642137634937,2262.665142962675,2210.920024992074,2248.751459609936,2241.8744786139496,2330.024083034855,2329.9028436532326,2328.774388049844,2335.953580046359,2272.304102704931,2210.1709073522115,2246.8482338059252,2239.919803928522,2166.0083739349507,2156.0739810097257,2189.333975556825,2196.3486448467083
2463.644140580974,2463.644140321568,2463.652332836044,2463.9950995336885,2461.120955679301,2474.5627080457716,2544.4085395412426,2560.1739848070174,2559.3236613600657,2536.9277405294233,2544.44346359039,2558.9408437843204,2559.996900987282,2559.999714037839,2559.9965589716576,2559.9987391093005,2560.364970399515,2538.6349781195377,2542.3883186676308,2558.9709545205565,2443.676473158963,2330.683610707136,2253.3647756382297,2238.346974888586
2234.636871508379,2234.636871508379,2234.6361240496117,2234.6245602916824,2234.2276000963757,2236.2542944197735,2316.344560063724,2342.4869428982493,2286.5274401647175,2215.5556053510695,2161.0752386015665,2189.889068157807,2342.7049845123856,2342.6657819696793,2342.4542180824938,2343.72835344617,2292.7786994579674,2222.9909425851624,2161.047655519364,2191.0489764922245,2236.492898141855,2218.1275506313164,2188.3570883344983,2186.9542573820777
2195.791399817018,2195.791399817018,2195.791400232687,2195.79157150934,2195.820597014208,2195.6054352778506,2197.2738317236344,2199.1797389838243,2256.055529465847,2303.8098161102553,2228.962927052995,2156.9535312047196,2204.4591311191866,2204.5420425666975,2205.2597760085127,2200.0055118149776,2247.668682701345,2305.038851815749,2238.8928933381617,2158.5723744429692,2097.6735783626605,2097.123570241085,2185.284957176349,2211.0991629963646
2286.803239637922,2286.803239637922,2286.803159298407,2286.792506811302,2287.0040199312007,2286.41440476247,2273.17228934365,2290.344666275579,2457.4730189885113,2438.930128183233,2338.214148186037,2278.2806357514146,2288.7213093790474,2288.873602522509,2289.0692527627107,2287.043610219969,2445.8295617039375,2448.272478201001,2346.5723090182946,2280.6027307097324,2220.2229867943306,2151.3957642780197,2124.190025497225,2123.9251718935648
2354.095144678763,2354.095144678763,2354.0951116537904,2354.12077142866,2356.0777755511285,2341.3808210676043,2421.759990874808,2558.3594582845635,2513.365013272762,2422.5705647724667,2351.141621739368,2325.1888166287417,2564.6585766089725,2564.552630312931,2563.2804885831024,2570.611129399024,2522.0538182967343,2430.523676683718,2355.9938707975616,2326.1438560683255,2311.8651343580786,2239.2601556855016,2162.6729890244733,2157.849853151335
2224.798144074427,2224.7973169647057,2224.7578241104898,2225.4984739541587,2220.9497081806085,2253.6044669532403,2286.9038487210278,2248.824142450307,2196.2085218888233,2164.4436263231487,2184.3235834086754,2280.1781181549877,2246.227118967002,2246.232990563413,2246.8775839194373,2243.417016236028,2199.5676540443055,2167.6538164639796,2175.2859829056383,2278.9403158100595,2260.6086016760055,2201.313577261927,2201.1800051983064,2216.882833669995
2139.275766016713,2139.275766016713,2139.2757660722104,2139.290315803796,2139.9088263774497,2134.7171137792957,2158.0490432349793,2270.335244293865,2264.5149003166484,2131.433049118574,2072.3944999321534,2053.171208608213,2272.3176908632513,2272.318949735875,2270.8730172700793,2279.6604375014294,2273.789080828691,2141.82928086223,2075.802455674221,2052.125128434235,2065.143541891787,2125.2309234182303,2138.084632516703,2138.084632516703
2204.8690858980976,2204.8690858980326,2204.8727893285877,2205.051754305451,2202.939197138467,2212.6341869328007,2341.6862937495453,2370.399902734919,2285.9098622438687,2211.725328406585,2157.4681247846693,2123.010163187267,2370.1494947694673,2370.1032749116293,2370.0548470487142,2370.6144750763174,2294.2160412995763,2217.7321851515794,2162.231306182587,2123.4012895746982,2104.965870781741,2123.915392769949,2150.8532135475316,2152.2963673568606
2239.8506766215587,2239.8506766215587,2239.850678368251,2239.8488660076064,2239.892339529299,2239.6304596524924,2241.5538882469414,2247.0394524797516,2262.8690281351232,2265.981623930562,2231.886938455695,2203.892651942307,2248.037095894051,2248.0487025869134,2248.112128521624,2247.5310967027935,2261.0689533016475,2267.562557297002,2235.815461901405,2204.5471275363825,2180.69673072072,2210.6962033231816,2278.4332468275193,2285.046020334114
2199.816682303168,2199.8166819812905,2199.8137695500177,2199.6837379893814,2200.7467960211898,2196.2101755507674,2180.2473384796003,2197.1807698545545,2284.3284517793527,2266.8332539743683,2199.023512328925,2148.3781293971488,2197.154139566643,2197.2085009578695,2196.9905758363607,2197.623250860065,2278.8253587974345,2272.646970255868,2205.7566325901594,2148.819140429382,2123.238062615346,2165.9269739768083,2205.740900269072,2206.7741804618977
2142.856358106243,2142.8570597613607,2142.8912723961685,2142.1565799787095,2146.7106055377694,2115.407043459282,2082.2644041892836,2132.310900624047,2214.366009919009,2223.48144441878,2203.1378386080805,2109.0348334948612,2132.93899901017,2132.9695314003457,2131.871279038894,2138.259608456349,2211.131257544156,2222.2767057505575,2211.3668851462126,2111.3212153903723,2068.260805416788,2102.4675631962536,2128.3153651201546,2128.5726356872374
2215.0438394093217,2215.0438394093217,2215.0433493945366,2215.019014462011,2215.0611812471116,2215.020006320565,2235.02448708213,2242.7098521132784,2213.0740657795445,2185.4818657804703,2166.519548263207,2194.101186595858,2242.4786404467995,2242.449947136577,2242.226209562573,2243.673489415362,2216.5307655919805,2187.8023225322218,2165.328216412151,2196.7769341237754,2269.250186061595,2254.9527639711046,2206.5313472552443,2202.2952169039763
2375.0618505690254,2375.0618505690254,2375.0618479357404,2375.0702037207025,2375.5303661515627,2372.114094039375,2389.7637713398194,2420.334256318776,2382.6327198835206,2331.9799517297624,2318.26024742018,2334.540225704065,2417.4560198987633,2417.3880251850724,2416.608403680991,2421.993005754582,2389.2212893968153,2334.5206823493545,2317.263565359247,2338.1871329568894,2414.5941355717728,2416.8961632860232,2390.3466392521977,2388.296338996991
2318.840372135451,2318.840557730181,2318.850340349033,2319.982973187486,2311.676224525308,2357.954391016909,2433.7122738313437,2392.186425005678,2341.6495576066136,2335.8467704153213,2313.0574314715523,2281.989441580594,2390.132426199417,2390.1549373178304,2391.1618518285677,2385.490354302571,2343.5776555570696,2336.181628569615,2316.87646925984,2282.436303762392,2300.639642301223,2318.3143877235166,2258.6352205300855,2217.4137461579157
2445.8598726114647,2445.8598726114647,2445.8589081473324,2445.821673467061,2445.872714989746,2445.740603634488,2515.891947338405,2572.8919298040933,2603.484617152476,2530.4292086169166,2499.7401250813296,2518.534831842232,2575.873140258799,2575.8627215812508,2575.5218706827413,2576.7456217527265,2604.290111379505,2538.8980320322426,2497.637168650177,2521.6550055455727,2468.824504238694,2363.230974291021,2233.2800551235177,2172.6185923470116
2378.5926660059467,2378.5926660059467,2378.5926658083126,2378.603086154704,2379.060801349531,2375.4113827503097,2392.363995103822,2452.9665503769243,2447.3528682621527,2402.6394306182324,2366.5133008518355,2337.9496138723503,2455.048775965483,2455.0076667493277,2454.2839266567385,2458.5245646171948,2450.9071606851344,2406.3823385231485,2370.1917464967983,2338.52850355434,2309.40598702923,2324.619637936693,2375.815784311527,2381.5840242738104
2045.1640394479912,2045.1640392253453,2045.1714249407714,2045.4851837323517,2042.848230570249,2054.8483131988523,2110.1646647801967,2118.0993695322227,2049.5434953045897,1994.77114843151,1960.1211319637955,1969.4719101821393,2117.49862364786,2117.4553234788928,2117.27899414179,2118.709512549342,2056.5944707404105,1998.9059233080566,1961.0156394124629,1970.7626034253126,2059.247185370626,2082.5868847529555,2070.199890401083,2064.6099850597952
2148.6132214633326,2148.612446320603,2148.5760421190516,2149.616658090406,2142.85434716519,2187.6366263056743,2241.428803807518,2212.764122087761,2146.1603557453655,2079.066768233451,2055.5543847106,2101.616641327298,2209.8106975892433,2209.7998054524624,2210.199913558142,2208.1617113616226,2152.2850462867,2085.2094039682115,2052.6383643115414,2100.3808522255285,2146.754583986757,2171.3407798899975,2176.8448752295144,2176.868008614965
1970.2411493073375,1970.2411493073375,1970.241150148455,1970.2409337113575,1970.2562090428382,1970.155899001551,1970.9455287220321,1972.2527537864762,1988.8343785281704,2016.6406055861466,1987.4035152081697,1945.9976057494168,1973.9915350319866,1974.0066039435205,1974.2137182113406,1972.7114624744156,1986.0120018747025,2015.6014107763272,1992.341705075156,1948.9326860978042,1943.4654905775224,1946.3529487814653,1947.261663286004,1947.2616632860036
2305.844438874761,2305.8446506590067,2305.854889066248,2307.312523713863,2296.754732466759,2356.195516227277,2473.8177331160264,2536.0448830987248,2525.82660686536,2395.53370744224,2291.463738585203,2224.3852429918197,2534.602104558969,2534.6391981331026,2533.73380170397,2539.425651110515,2533.946220413711,2407.387695011038,2300.5099420766173,2226.918459593722,2177.6077123849445,2148.691939394409,2132.363500453702,2128.704864238782
2196.7957331781713,2196.796274557297,2196.8505791301413,2200.8410767715586,2170.453494536944,2336.413990750165,2632.03095259345,2543.660889589852,2344.991869054639,2144.58631444034,2036.358860373679,1984.5100756660897,2530.125393396022,2530.2000483856514,2531.3231348992485,2526.55944477333,2364.9724709275797,2159.715673126797,2044.0785022658627,1986.0434530690202,1976.1589543652656,2007.831794592972,2025.2267778824714,2025.3069597645242
2219.1400832177533,2219.1400832177533,2219.140084129108,2219.140187577371,2219.1850047510816,2218.8831703521855,2220.6639093912163,2228.1430578677882,2255.746813488483,2272.525430164558,2216.3556814274757,2169.7003929780544,2230.4591838367382,2230.488188850215,2230.681604765785,2229.1387926463294,2252.122665265514,2274.1587091190495,2223.214448728445,2171.0215084096762,2135.85978117497,2153.3898831734473,2258.0496755730314,2279.060622347026
2189.7824763870613,2189.7811763164646,2189.7033379375757,2190.543555611,2185.873796349418,2229.5012387276875,2264.9048261971016,2221.434759674481,2168.887126351597,2134.7545328243805,2160.636479877687,2264.820181427248,2218.2499158767987,2218.266498413668,2218.943791602982,2215.357594692291,2172.3058228816503,2138.0946184784734,2150.799131574998,2261.041700934621,2255.2717808971856,2136.790138980138,2109.8901098901097,2109.8901098901097
2165.088525118268,2165.0880168869785,2165.0643709038823,2165.676383702688,2161.726650482222,2188.3482568959357,2220.1798767877563,2211.794383467548,2182.560291468795,2127.026619368744,2115.521626448502,2189.9296328718806,2210.3544113905527,2210.348166238112,2210.4339997519714,2210.0211565500686,2186.226809040758,2132.993673155793,2109.598111632416,2188.526559488882,2211.910623515163,2138.353273463858,2105.3704618098545,2105.2745202440665
2085.1469641929925,2085.1437410124267,2085.188758890215,2084.8344712738153,2086.702783605091,2058.1062709145904,2035.8000286575825,2035.0346078539717,2035.0308109817024,2134.24528866406,2186.0302435012427,2150.5010725259035,2034.8991640912484,2034.902167783044,2034.8567014970774,2035.6822065276497,2032.154276663884,2122.634641891023,2187.748977214193,2152.2488336467604,2108.6251423351964,2063.7382038017695,2047.0415379042165,2046.9224224012523
2060.0875546121124,2060.086018777619,2060.015840421638,2061.217079609442,2053.8754025995404,2108.346623174012,2168.997972004807,2145.1255115802946,2091.3758701054267,2050.7979358854427,2035.9425391038385,2060.4818953874565,2142.8574661934044,2142.8491977147933,2143.241045000763,2141.1898987950826,2095.6713150248447,2054.3221098070007,2034.287418914207,2060.8996662339005,2076.7927595785,2012.286838428567,1946.92705508945,1943.6993599435111
2339.5622520078214,2339.561429640149,2339.523319329498,2340.1664762942223,2336.2217346542275,2365.634562525494,2393.892007917912,2366.2737959392616,2363.963239644499,2427.140747268667,2373.9928306575375,2282.854988569462,2367.114632570665,2367.1130703333324,2367.841514593255,2363.3094427434417,2359.5688665495873,2423.733709233196,2384.8535192482004,2287.1713341402074,2212.2704711058586,2199.308011318266,2347.206073129417,2398.712104247777
2149.574563367667,2149.574563367667,2149.5745633041856,2149.578784579628,2149.766333820469,2148.281603918328,2155.096522388975,2175.1745035831946,2169.4404453254556,2124.992360576822,2142.7042575138607,2193.5091933350564,2174.75109933744,2174.767785069304,2174.498123344506,2176.278953666863,2172.3271576938123,2128.290140961377,2137.366728871586,2190.045302759066,2190.394537886059,2172.112065551672,2128.025491229841,2087.5982341170484
2012.5786163522016,2012.5786163522016,2012.5786163122348,2012.5812071545602,2012.6966659565555,2011.761545075912,2016.0666209597532,2028.4556727436054,2026.8647061884226,1984.9866492223737,1971.426440310169,1998.759274243046,2028.489795014052,2028.4996437494651,2028.3882428556833,2029.0228400374544,2028.8260164157136,1989.287131533872,1969.4550849329505,1997.897112919362,2021.84396208284,2034.8327062163075,2038.1840973673784,2038.2131230062596
2096.9855391985766,2096.985578562276,2096.9949257474427,2097.5351415019313,2093.511242573405,2114.5076092574777,2151.6415620536523,2131.404350009957,2057.13185407106,2023.6708721639388,2005.1238334568097,2078.208423104625,2129.913304313003,2129.889749145135,2130.1976608792925,2128.7267135546413,2062.71208336535,2026.49763215799,2000.677834538638,2082.2034016008733,2196.21171175204,2171.5440102379853,2102.23697494965,2096.6909064461897
2100.656455142232,2100.656455142232,2100.656681237588,2100.5713148138643,2101.8662424961935,2094.1114927986087,2154.1640779113986,2215.7654823111584,2177.9135947986465,2111.5725188731158,2067.1754004526842,2052.4188834187,2216.2376458987683,2216.1623127200232,2215.322169403955,2220.451566640186,2184.707071363448,2116.6464782782054,2070.2516517322597,2052.5968074873153,2091.316234395299,2108.0907495950805,2060.370524735831,2025.608001927545
2248.2436217849886,2248.243566291104,2248.2410219281346,2248.5732505891015,2246.3834733350027,2259.505249085575,2296.930126282613,2374.547945659688,2413.21918969554,2351.115580739318,2265.3966305425292,2184.732449299353,2376.953542827353,2376.925586592002,2375.69130925409,2382.55963851563,2415.0105683399497,2358.219707431367,2274.9660888139533,2188.3392134347114,2120.669410353352,2071.492070914824,2064.516129032258,2064.5161290322576
2441.712590697126,2441.7125901458317,2441.7085626665644,2441.534695785423,2442.8716602489167,2436.6938352614798,2407.2829704890473,2384.3894409520763,2368.2382319359317,2422.925030885344,2501.5414533958565,2551.031084544352,2382.8058865465714,2382.81189433269,2382.9742650620165,2382.622557322181,2367.6521895572955,2415.4694511670164,2494.1048427292562,2551.5464276188463,2504.2648708255524,2444.912834248349,2416.6972441329735,2412.2503173623954
2127.659574971567,2127.6595745213986,2127.673552587709,2128.264770703793,2123.3660384940104,2145.5662661390006,2258.6724129738595,2271.9673217234017,2190.4326231518457,2109.638936433494,2055.487809552724,2072.9052269484696,2271.018197715901,2270.9798478341704,2270.99657870456,2271.0956188810214,2198.3999653554747,2117.2971821970864,2056.2236132182315,2073.326811035563,2108.3419445948484,2093.1036564201054,2055.637263142412,2051.6709606750546
2155.3659631791643,2155.3659631791643,2155.365273033596,2155.33633290656,2155.349957359174,2155.4570243557214,2187.6382509095806,2201.1682332356563,2159.2918227232994,2139.3987573413588,2149.6201691481774,2171.0662716821316,2201.1621613032307,2201.119017738367,2200.832691441359,2202.8285999446634,2163.7287886230015,2139.4095243553766,2147.485242384871,2170.9750093821,2206.0369129934406,2177.177293904699,2092.1776339231023,2078.868738209353
2268.431001890359,2268.431001890359,2268.4312177542743,2268.3457926456745,2270.0112443664966,2259.532619472849,2334.4444688987287,2409.9955355947895,2362.1198278222782,2284.94278949579,2219.9569949857023,2191.4836057673388,2412.0698312740587,2411.9957926735233,2411.1914926018376,2415.969452873761,2369.5283357825274,2291.8279466722065,2224.9283644197967,2192.086005583361,2175.4778413965164,2200.1393134971922,2257.464469918318,2263.562786799499
2211.981566819031,2211.9815668201445,2211.992418674671,2212.457640371715,2207.4321365034,2230.376762695808,2540.5214383071525,2591.66853413067,2457.8390697213163,2294.251004657963,2162.925885276999,2086.9680914158216,2589.0699684581527,2589.0191071452778,2589.3264535194617,2587.8578276727935,2471.9031755563165,2309.3540236590907,2173.416435135766,2089.814788685348,2021.4837554873507,1955.8687817226012,1921.349950586604,1920.142933841148
2434.077079107505,2434.077079107505,2434.077067736286,2434.085709068679,2434.750873382689,2429.7741990562436,2457.044726560208,2502.7391706804765,2496.3817363750454,2462.6070069209886,2412.0773292635845,2428.933061024971,2505.3806118996727,2505.358096652047,2505.0096425859297,2506.8202236349425,2498.1652426218816,2467.682117982273,2413.107118895103,2430.4567797223895,2468.5761466375443,2387.6749467425107,2325.7464402106552,2324.5919338727194
2166.0648611990396,2166.064969163267,2166.069436798009,2166.6766462845003,2162.2901158202726,2186.569284408983,2223.6238122120394,2190.0469726052606,2115.995644233948,2089.7894726115073,2084.4157202648003,2175.728315012584,2188.282166939788,2188.267019228056,2188.882212200724,2185.5394508989957,2120.5237340684853,2092.5111875191483,2077.903287142254,2176.232582421926,2243.872733147621,2215.1745790324803,2187.2229346706727,2186.834193475481
2177.6924483450603,2177.6936208228294,2177.6703231382967,2177.9911864935893,2176.2380338962257,2194.212312717229,2234.908131788883,2329.222525100221,2337.780835640552,2233.885532368734,2152.347946117431,2107.897130099469,2330.8552726339844,2330.7910634268064,2329.1035102904175,2338.950816571739,2344.5294294378245,2243.1655322700612,2158.857228341144,2110.3868568414487,2103.0464343881854,2100.7121949336315,2093.8262116990463,2087.0614881971273
2246.4885166602076,2246.489717378554,2246.548060860074,2245.6571530415986,2250.845336469028,2211.720746170527,2174.7444598501907,2255.720580207455,2336.9609494286906,2345.7428154832223,2315.982452201425,2247.415428853753,2257.4439188012416,2257.4170937942163,2255.519669958045,2266.481694592007,2334.745751156125,2344.8979003557984,2322.776236021168,2251.6341843879954,2222.06897492002,2206.3184621782234,2190.3698861705393,2181.9709868282303
2235.67768979972,2235.67768979972,2235.677690054177,2235.680057108029,2235.780778187147,2235.0054854884443,2238.695072215246,2247.789334409368,2243.702937255202,2227.0079476731103,2250.8885494916435,2274.5409652308877,2247.4686204230306,2247.4719494318333,2247.3253921398646,2248.311667520557,2245.096762191193,2227.5525141066214,2247.2984419655077,2273.0751480864433,2274.0265453884385,2260.7512203866695,2189.6627333916476,2162.58668468614
2236.7194508387556,2236.719475212239,2236.726510356249,2237.1243122881897,2234.168161172117,2249.4376549692197,2276.405950472912,2249.527030382834,2190.038190156815,2291.2807099513984,2347.7320450805964,2280.0975693835135,2247.845628334523,2247.8384367692875,2248.385235663098,2246.2506696155074,2190.600414537791,2277.3649715916113,2351.8309274003723,2283.603848806272,2210.420578870972,2144.4559582617226,2128.6091969774893,2128.6037493721724
2170.9633649932157,2170.9633649932157,2170.9634414350776,2170.9925354283123,2170.8061829083053,2171.5827747118983,2159.131651915966,2146.653772885829,2231.530072919485,2282.189287278207,2202.5280993241768,2151.0259177160256,2152.222483785218,2152.3501781652094,2153.595244801153,2145.3327273638165,2220.056671006095,2285.0417695098404,2210.931632040475,2151.5644855911437,2123.28410372496,2119.474825291276,2130.1452767231563,2133.1937487755695
2182.81036834925,2182.81036834925,2182.810516800778,2182.8336047858666,2182.704209874746,2183.2404188589685,2172.1740652178987,2165.907007882522,2189.8576649447273,2206.1594597311905,2208.2040704592655,2197.231642587188,2166.9734604355785,2167.0073047815977,2167.3306036264676,2165.2523537130305,2186.880194346826,2205.6854343261293,2208.9154930810673,2196.1788529056953,2154.576364711721,2152.711630135128,2181.012094487092,2186.4295034047304
2345.276969156131,2345.276883322709,2345.2492765332354,2345.6198909075983,2343.598748020233,2361.802436204374,2399.8556350761824,2468.5326497358005,2450.061935049582,2357.5373896119127,2298.705064649925,2281.1306792868704,2468.0791318170536,2468.024659179917,2466.6515505962902,2475.133936377245,2457.9278448718114,2364.8137860635397,2302.611472125338,2281.56982108241,2288.8511996782304,2290.870198885152,2286.800558877131,2285.766804568693
2206.8965517241377,2206.8965517241377,2206.8965942439,2206.8800454151997,2207.0725640116652,2206.0064196015915,2215.2542378355924,2223.341489118552,2205.953949180611,2195.6454027184745,2303.032587265998,2309.9786307118507,2222.2263618148136,2222.197068538653,2221.9263183766325,2223.742087395379,2209.2387488904697,2190.8997869264567,2295.626420896458,2307.8889535394605,2194.3516304287073,2145.34052894322,2129.6741214484027,2128.6924584961794
2122.954444908086,2122.9544449329264,2122.96128263548,2123.2390518062443,2120.7511707286626,2131.9018089511655,2213.3493576464925,2229.5509048909357,2176.187947202344,2163.3279790913266,2167.9261165987755,2145.968469493739,2230.095878889449,2230.0628803311315,2230.117170249663,2230.0545824520555,2180.185091210026,2162.85902027575,2168.9477092447787,2146.5732593522016,2093.19274961289,2036.9922529230475,1985.6011909024792,1979.8721135229794
2148.6130113215886,2148.6124240734666,2148.584920273811,2149.1581301324222,2145.5511863115607,2170.9188135696627,2199.9895685879155,2192.306873992772,2167.611715839586,2132.997884248289,2112.848399246156,2106.691830919027,2191.1536485968854,2191.148635486139,2191.240301361553,2190.7938543448945,2170.3552177082493,2136.0980913302574,2114.0252887286847,2106.278491509208,2107.6120280286823,2141.605281552849,2157.218816250287,2157.294417355721
2209.431099427814,2209.4355933737115,2209.368508982796,2209.921245496188,2206.9762196268416,2249.6628459593094,2284.2286865838646,2297.259022394974,2283.3113552483346,2211.312996453581,2148.0608152804266,2111.6773207496685,2295.1541518570366,2295.188749404472,2294.8272396858565,2297.2899970983367,2288.0616675070683,2217.9485412212234,2154.0846343748935,2109.255009280477,2159.165880284184,2211.002725281943,2199.454614254129,2177.1021822036328
2280.2850356294534,2280.2850356294534,2280.2835037795144,2280.147656922677,2281.0178874084068,2276.584423974747,2365.190481385288,2408.410931628684,2354.9815811360036,2299.271293574622,2266.2764519188004,2285.0447028224607,2409.6111600087856,2409.564775733176,2409.2842414912693,2411.0327001403575,2360.931228312652,2304.2457262306916,2265.939604972804,2285.9215061775503,2307.5981400304436,2204.8281703741504,2117.6356322575343,2114.865510192508
2339.1812865497077,2339.1812865497077,2339.1818588413066,2339.212866713813,2339.1820168267677,2339.172988653345,2317.7854114040624,2316.864688206946,2438.197113383157,2433.7991372426436,2351.7168368343623,2313.96962998214,2316.9969225696823,2317.121967875897,2317.7151143658475,2313.302697512745,2427.8898431833313,2441.374194606789,2357.846764002872,2314.7596239466684,2293.138481463169,2282.0249928661597,2280.287367543675,2280.2852825544983
2225.3129346314327,2225.3129346314327,2225.3129007732186,2225.3259545849032,2224.8599829193113,2227.888791427088,2208.308061056278,2175.609259526522,2155.344834557066,2135.2147209679097,2297.0130779279693,2379.0625655588265,2173.0649325569057,2173.068352158559,2173.2141561806984,2172.5319691900977,2157.728446644516,2131.8300120379345,2279.1891738921513,2376.627499491484,2297.5947915189936,2231.9601770049107,2188.5911656844146,2182.1922671136963
2219.140083217752,2219.140083217752,2219.140074603017,2219.147764568043,2219.6918329905916,2215.661746276611,2237.431408015547,2276.6833221183297,2268.7765743730715,2231.8199856645874,2177.5917283174394,2154.9171580008333,2277.694269070016,2277.6670435084425,2277.22048576448,2279.8397612919684,2271.4309983238836,2236.047837689669,2181.993022702186,2155.8103276999727,2246.363308288986,2274.488532661305,2194.135601535151,2162.732961025616
2065.404104778384,2065.4044355872893,2065.4305117594795,2065.2061110288005,2066.3139032361523,2054.4780921013667,2042.6646002289826,2084.6186715524154,2140.8235395037796,2080.531652677335,2025.248938453252,2012.3903960157395,2085.9856813970055,2085.994415446135,2085.182038789129,2089.462525630911,2140.3986480724548,2088.53679933072,2027.9509117435086,2012.2421722094853,2007.942825365275,2061.541986307063,2108.2700236143337,2109.718559894102
2359.8820058997044,2359.8820058997044,2359.8817800141055,2359.8461557301416,2360.1645659058477,2358.5214675160782,2380.342238692524,2407.471695380633,2427.4561130882194,2449.053038395474,2458.6426499475338,2366.8562676148767,2409.4263655887316,2409.4224925814096,2409.291933832823,2409.9318162341033,2425.801466493806,2445.7207111207563,2464.599859999201,2369.066460107937,2275.8940857908797,2231.4942705801595,2222.256896565425,2222.2258938683117
2307.6923076923076,2307.6923076923076,2307.6923002094663,2307.6910464317275,2307.724795311736,2307.7668568001122,2307.8211683421755,2321.131467648494,2380.28043498606,2360.399627472861,2301.8638849723334,2265.8830055107032,2321.3475862323367,2321.3865440603076,2321.302226132733,2321.2138076161964,2376.3997292183494,2365.838504922854,2306.9864842967513,2266.3613716013106,2253.5192438345302,2274.132521058413,2285.658087448491,2285.7083349125182
2174.8980516538286,2174.8980516538286,2174.897819842341,2174.8672547603,2175.4401389271106,2172.4634045601724,2143.7766207119776,2139.4405223772524,2262.9386109839843,2266.42654633354,2156.4567960322684,2139.0277605517717,2141.159025922476,2141.2759459377057,2141.982295571192,2136.3923167920984,2250.7045272598607,2276.156329955458,2162.7518133610756,2138.254787523899,2137.1901632097824,2147.7024813175717,2165.3020317503046,2166.8814444781992
2188.7824921481442,2188.78248999507,2188.7896110184643,2189.128084660697,2186.6016596377585,2199.571933060558,2233.3517935430323,2248.0886163933164,2253.0929024207785,2253.3854731188826,2241.449531773377,2180.0242000995167,2248.67892281649,2248.676440899276,2248.5906662406946,2249.034472784684,2253.0047617590117,2252.7761288801794,2246.4212431857677,2182.1213314103748,2123.6604065639385,2085.350229553363,2073.5423572088603,2073.445585887206
2118.270079435128,2118.270079435128,2118.2657472042542,2118.0799098882244,2118.4335945135,2115.894816325142,2424.310236306609,2521.7529331357127,2355.2907590350505,2179.576416291181,2040.6909109498356,1970.6244186375523,2522.098326116239,2522.0103235441666,2521.9332271316357,2522.7202888525408,2372.3654658127384,2195.479978410945,2051.368053978843,1971.327462619762,1931.656266783022,1927.8531668149649,1930.6807745355297,1931.5564486350597
2167.04288939052,2167.04288939052,2167.0429304163104,2167.027156586832,2167.4277817500833,2164.911220940495,2181.977673050326,2210.3212924913846,2232.579550371683,2242.7979842042037,2225.78949882241,2195.218524572707,2212.7279574731438,2212.7301905225286,2212.623051095806,2212.959590992376,2230.6734788146923,2242.8215722952873,2228.9791934405985,2196.053006859358,2139.5245863715236,2098.089000319985,2070.6814651747723,2064.682675598001
2081.3008130081303,2081.3008130081303,2081.3008129481314,2081.31662020584,2081.996118303345,2076.5170624449406,2101.490197830176,2218.8706638838457,2237.0009145677623,2164.587465760914,2096.0660948516947,2042.0420366697435,2224.275611619298,2224.2125891234646,2222.8852558857993,2230.258433302045,2240.937844597943,2171.650225493332,2102.7292009799794,2044.1536274633931,1995.4113432218728,1953.333409005876,1943.3271616118554,1943.3206135436892
2309.542871905569,2309.542899678031,2309.547763800588,2309.8394933463555,2307.644752482156,2319.422267222465,2343.4600446098198,2347.3275563799084,2347.2463597440465,2315.9723446126773,2323.376359797957,2372.1891232629355,2347.1861912946656,2347.1880776803487,2347.1920559138734,2347.0926238274587,2348.2982941606465,2319.406252919086,2317.763352443727,2375.476428230262,2305.997161514885,2229.911865634456,2238.8007127284973,2258.6667710882452
2189.78113956193,2189.781035163991,2189.657491876433,2190.786280882178,2184.746314062264,2250.788498907842,2297.490325594247,2212.8868060274926,2159.524999998668,2166.796689445282,2175.61108636584,2181.2249147569296,2208.4825470846463,2208.553044033804,2210.1020192454334,2201.457858383343,2160.2857206251497,2165.863535313129,2174.697349252454,2181.7897098532835,2175.387216238809,2152.1016742893535,2147.651006711409,2147.651006711409
2253.521126760563,2253.521126760563,2253.518022078655,2253.2997232875514,2254.6037594117843,2247.8517801696476,2413.170067612613,2485.536821940285,2407.9298403544017,2285.6275198336466,2198.538191953115,2204.836904007898,2487.0848277260793,2487.0290481113566,2486.7325452522327,2488.2875918489544,2417.144801870266,2298.492569126023,2200.745699661179,2204.817755257299,2217.5002103096404,2134.944438007702,2055.191937304229,2051.695303730397
2394.014837180559,2394.014949313611,2394.056977071232,2396.3031936722914,2378.9234618107907,2471.1764140871833,2649.3583685859066,2648.6084186637254,2604.5173070244773,2536.7286905789947,2419.8189438008044,2321.8215651336886,2645.7757643801565,2645.7879039457025,2645.8780852901405,2645.620768709984,2609.4865884940773,2544.638175382184,2432.769906479736,2325.552143952096,2251.114934506109,2183.217998811011,2116.981847430439,2101.120536439579
2306.583373378183,2306.583373378183,2306.583033766208,2306.4937641030524,2307.2531031393446,2303.1594358658645,2354.3773018447546,2386.736231735214,2365.2870819271407,2333.8146234429305,2302.0782226020915,2276.5781519325546,2387.7360771883154,2387.714326616214,2387.5172491598505,2388.7012906871187,2368.1668475572937,2336.7421252020763,2305.3290818199857,2277.073449213217,2258.6345387339484,2250.1540341790037,2248.2609119375193,2248.2453971353266
2118.2706838037216,2118.27014383638,2118.227569324149,2118.591558785872,2116.781100207397,2136.591818174063,2151.1075535371765,2106.074632932525,2058.99613291786,2057.9601902388367,2078.3745294223136,2167.4447002025418,2104.1743247374884,2104.177159325385,2105.0106053651634,2100.310567636523,2060.4667437264825,2058.5270707767386,2070.6588829207126,2166.0061781414984,2206.048674980405,2151.7281932912183,2119.440527522226,2119.230206329506
2315.1276964910244,2315.114165656044,2315.26238631213,2314.5132434712577,2317.630100691474,2234.1406744748065,2189.820831422731,2301.2626401340103,2355.8377109529983,2342.6651553629695,2304.0865995372255,2269.032608321886,2307.729200717735,2307.5331237963373,2305.371352483559,2317.0878361133528,2355.761778534378,2344.5754330651216,2308.8252239792528,2271.2443391315987,2248.7966314139157,2267.302347183091,2463.549292441049,2510.8169365178483
2234.636871508379,2234.636871508379,2234.6370809980262,2234.4909902958448,2236.006415361288,2227.546941075097,2309.8449912200795,2369.77692736731,2289.625070459474,2208.0491874623085,2163.279437017342,2171.068127142147,2370.4353940616193,2370.335411923096,2369.447027716631,2374.970133134737,2299.780728318797,2213.8568675096853,2164.58888103642,2172.527962212065,2220.6191481012706,2225.103472997558,2209.3769690018003,2207.1018578166136
2217.92959446121,2217.9422595343617,2217.7856903183315,2218.889851206015,2213.145640104987,2312.284251766958,2367.4844867558795,2317.902089593118,2254.1821528488267,2201.9076386998026,2176.8157661333344,2167.2714092028486,2312.3033945792217,2312.3442751283296,2312.7822338534825,2310.9840191317726,2260.097279232982,2205.454179690244,2178.5541031816624,2166.9397142897965,2181.3952806575508,2191.325594109894,2153.511310279261,2124.200669601056
2277.0398481973434,2277.0398481973434,2277.0398479569235,2277.0523857005983,2277.6066204652802,2273.180103771312,2293.2997137554075,2364.167401273835,2337.783771554311,2249.7572259676203,2234.0442551589426,2232.8714111587115,2362.985775375471,2362.987637894466,2361.882551467114,2369.2222056709134,2346.4987255211367,2254.4879589496904,2234.3309111776043,2232.374439876377,2281.015428897201,2300.411032744847,2263.2472358878063,2248.5272189520856
2180.826896865061,2180.826896865061,2180.8268968650173,2180.8269057347197,2180.8271328104615,2180.8355022691067,2181.3313872784865,2177.7947548593365,2199.198340154992,2282.5515839131776,2249.5478255370945,2175.900559679198,2181.326048491748,2181.272689744249,2181.625460669775,2178.8815056139065,2192.72863894537,2277.658114638433,2257.76980001634,2180.3773124925256,2132.690780372094,2114.2596809963807,2131.7203255397803,2152.23599562624
2298.8505747126433,2298.8505747126433,2298.8505862913435,2298.8405240339666,2298.9986635170167,2298.105809887848,2305.5185867140435,2322.5372162767508,2359.686812542504,2358.724904174038,2289.8375622778863,2227.7185385076555,2324.702081397135,2324.7233087644217,2324.7702361994734,2323.9444104734525,2356.028850161053,2362.6227524499423,2297.8986450906673,2228.546227766884,2178.8054484545146,2253.706778451704,2353.6804857926477,2358.1886474130074
2413.2730015082952,2413.2730015082952,2413.2730009814004,2413.26810266941,2413.065616179237,2414.51953281207,2407.4254956466193,2377.034409909619,2331.216261576856,2286.638957849349,2447.7381675768024,2523.9756936410427,2372.8853381819995,2372.8832272136906,2372.864822982822,2373.534135666757,2337.1598447466504,2283.6784499625064,2430.2639290386337,2523.380207663459,2519.344560994122,2460.151309543753,2397.3595911726143,2394.36754121626
