0,1,2,3,4,5,6,7,8,9,10,11,12,13,14,15,16,17,18,19,20,21,22,23,24,25,26,27
25.802437699347834,25.802603754386993,25.803631621936063,25.790003980812013,26.07608421189635,26.156137480428985,26.043207928997504,25.85724243442095,25.998902942050425,26.01571768867179,25.64562580158097,25.66991931588626,26.243026220789254,26.391489650737334,25.892577429051414,25.892558050084943,25.894570911299915,25.897685178950923,25.555235513349682,25.811131406595806,26.409155714639958,25.774624980898096,24.145589090280666,23.604369664532502,24.05774457216866,26.01003163077537,26.307282210592568,26.1148769924097
25.584616604990924,25.583736192442814,25.580480225004038,25.588649420442152,25.54455047351273,25.87054837625691,25.873723277820027,25.822125921103897,26.102604135541714,25.72451511214988,25.465106412358303,24.919547931326214,24.985807379518874,25.22459442820265,25.55914547309184,25.559826597971295,25.56856616221475,25.530455728866603,25.393665983646923,24.783693756908118,25.223090292241476,25.482953283603038,24.568813886503577,23.485432346432525,24.98616849418472,26.09235518013963,25.751528300705935,25.594872872886363
25.238755018549618,25.238729698136517,25.232846552195927,25.258014554341795,25.674743359350643,26.212196548872246,26.098701024108564,26.177587447719034,26.546396234249443,26.617775105054335,25.842345028810115,25.81984755654824,25.97902244297481,25.975949389440654,26.443885677607653,26.443515231299365,26.45677740733413,26.391289410655173,25.731106120462172,25.88821016371229,25.99348275093393,25.590813283600585,23.71888940627253,25.209012333354046,25.503614442200842,25.19308391431592,25.255578032506648,25.271137191583705
25.75073740381605,25.75122199889701,25.748665968181115,25.75191365368703,26.36495441686724,27.144897427970754,27.43415888544361,26.557916326326072,26.107113392836457,26.044195624953844,25.723135039019876,25.731911257702038,26.203779490437405,26.33958995413299,25.919974945569283,25.919993960451905,25.92377383175876,25.915527048199795,25.656976875614273,25.846881913723195,26.297236665113495,26.174223649151855,26.46919036292407,26.64839010643196,26.547839569222806,26.562273544139146,27.092483042391617,27.332877331997206
24.77224175304307,24.772359274678454,24.769652133443813,24.787486550150845,24.75194074808633,24.762807372345005,25.15349768858137,25.11116945506297,25.18118608221402,25.262333091905592,25.14721309904571,25.184457480405896,25.04458452191531,24.964516211200788,25.210724612701476,25.210872077277152,25.214943421427428,25.194544153444273,25.151280394035858,25.161252004569093,25.081928550882214,24.138410386165937,22.411674161923752,22.479550689211024,22.57845313279187,24.968918735667142,25.01538013744527,24.88026259288397
25.18235947215334,25.182322276709687,25.18076171156347,25.190320030449236,25.219924897800205,25.17853364876364,25.43250249447669,25.684973797491125,25.83890897155873,26.07635788586369,26.075996311749048,26.023881170001356,26.098872417024175,26.161038030556778,26.11319993168022,26.113091474319123,26.112740519152936,26.113390585087068,26.06385002611991,26.003619801029156,26.251093452249943,25.257453234294168,24.704724962329028,25.34217119107896,24.96533858524272,24.69860892540552,24.879610687517022,24.97325831651429
24.635101977861417,24.635139320789655,24.63491105658744,24.637393363777868,24.719148676477317,24.912373833214293,25.10386954443054,25.14855214202243,25.224525082834443,25.287617894807287,25.365171183984,25.551037974246217,25.53789849785791,25.516431895365024,25.28578224219928,25.285707080980075,25.28394882549061,25.29285078920842,25.409238666805024,25.54594803518915,25.66567990045,24.57722847751504,25.22782035596726,25.38467656807139,25.415149433822886,25.843854709696814,25.93709075007492,25.91836741376489
24.966050976653655,24.965421260594738,24.96259555380425,24.971904783107416,24.817318959048958,24.747986041891146,24.739009049824197,24.879764819862608,24.930713862283888,25.259976779513025,25.13336428584425,24.60371502307054,24.55065609121475,24.526164470602584,25.33677974708152,25.33582631158691,25.32347508132535,25.39669684829941,24.956731426953976,24.580676307768435,24.52070654308316,24.420222096882004,24.51191111328186,24.197471589112347,23.724020610865484,23.73937404498529,23.803590235300916,23.80363603555671
25.58816051564154,25.588468670471677,25.589177463987337,25.587700107591488,25.671632334560215,25.82532923307191,25.747071478502093,25.737195663137065,25.860944941629192,25.861568766847768,25.965781551638738,25.792864185790144,25.454035862126524,25.304212670793394,25.89090756540248,25.89107254704819,25.89013305619853,25.89335687558993,25.961528266725335,25.752978032948107,25.155713023877823,24.172768946275195,25.458255347493324,25.377219971524667,25.277824413472153,25.709943807823752,25.81696333057644,25.804938729643162
26.140546639055444,26.14014886396543,26.13649889252861,26.15471510654504,26.03064113945325,25.911613385042024,25.73988247560874,25.300259275763448,25.198644407377007,25.56563943251755,25.49227028994268,25.29154122285138,25.532592705845857,25.615174434650207,25.575458031964793,25.57562094024781,25.575724867270214,25.584333040193155,25.41694783026522,25.333009686472742,25.57748023493637,25.617704318867187,25.601460283741375,25.597412361554383,25.611467340108895,25.93794063977102,25.95324363232752,25.838398779520453
25.01351794506649,25.013167692306105,25.018652250143663,24.98292553524732,24.679324979278825,24.778070258105156,24.850124326679033,25.466723077311293,24.998631728161442,24.983826300523564,25.66079229281974,25.53094646979138,25.09390547447193,24.950244016211307,25.168921525015588,25.16977777437103,25.15754527107023,25.225978220002926,25.71681536431336,25.41187956795714,25.06535599304845,24.15303303059899,23.9693152866793,22.925442517074245,23.166153759730896,25.035916718490824,25.15101718991765,25.19293964070257
24.677932585506767,24.678646570064366,24.69011190438962,24.630428833898122,24.615990093602875,24.86890377735266,25.042327892825092,25.32508023264421,25.497890838460886,25.439422545883254,25.243677798144944,25.218886603478005,25.022389270367704,25.00485525959499,25.36227533306006,25.362543421321316,25.37337277952281,25.313098291069746,25.26585303072669,25.138788238292413,25.08780982890263,24.532800332350046,23.548276810992167,23.91768347273993,25.13123693931577,25.116784194789314,24.79036266036507,24.68854603289055
25.006420776810007,25.00632968697426,25.002263162960062,25.020471099889853,25.17626188196968,25.338276362840723,25.46158076595732,25.600184942430104,25.451567638873122,25.4173589195687,25.452157650562203,25.565268284670616,25.76532210509642,25.811416822180554,25.448305425733544,25.448146561323973,25.445549360351734,25.46042404576911,25.452477311008646,25.626256680812077,25.79275013339243,25.71747137184882,25.647069559597455,25.549579381120797,25.68724067351503,25.778169084108956,26.19174907879129,26.387132844600167
25.283391363857497,25.28231582640781,25.24940173808391,25.411223903837733,25.693795450705444,25.354025084203705,25.23889251984555,25.246884157024432,25.590745094051265,26.017054329924036,26.13803958692352,26.065172088426262,25.823985060126205,25.71020476521131,26.129747532052438,26.129558223609116,26.126441862827342,26.139212023265557,26.127634675921485,26.004667336345683,25.89618372129417,24.545841768011595,23.217528617463746,20.14568996754836,22.966404381392003,25.29765389697514,25.15234497764084,25.089272668759907
24.76295464824841,24.762258740433204,24.750763815574064,24.810465495045133,24.75620357465426,24.56466008626806,24.771270099702274,24.915092672820602,24.867781242719968,24.809776849587934,24.715404339251393,24.730412616434435,24.888262551215043,24.960149632279055,24.790851882849324,24.79080283804764,24.792420686977,24.784832056292604,24.703202729367188,24.740477093198145,25.035744605966045,24.265504075056707,22.78123495001943,21.891637648246217,20.986685440853023,23.05845813913519,25.522385292743838,25.707513251515792
25.069176910805062,25.068664294401405,25.069608754650815,25.06742130419312,24.843336059753405,24.98129392977777,25.33163042848028,25.479207131910876,25.267797766203635,24.932597628444405,24.57115266089173,24.554929617514574,24.278891351925026,24.09870959096918,24.790267468752475,24.790502025456743,24.802027845995887,24.74057233562336,24.55489895341415,24.541109390088955,24.13105259008558,23.485489303449373,22.939249218852396,22.44823222572856,22.284579812918107,22.556832971198133,23.399819458579287,23.71358410985276
24.799539052746297,24.7995804083843,24.798181182903644,24.802577442260077,24.947406568327054,24.969616919271303,24.916425297024045,24.91855688026863,24.937723800597563,24.804842701737165,24.202456476385827,24.12979920047604,24.190353509705407,24.196291656420744,24.62867479601212,24.62794827143917,24.632706772205307,24.61187612490619,24.107064024440465,24.16073024649873,24.195438465059947,24.22600308197103,24.47695142056892,24.88789696595122,25.371121206184373,25.784896906861874,26.02480514059551,26.076360878758706
24.96166712000204,24.962315307763795,24.98046220008393,24.87303619192224,24.86687629871719,24.98381843631786,24.752443732027402,24.932481633827216,25.297279639982268,25.43363537662267,25.415213759653454,25.710903373540994,25.93115711964813,25.984779684012107,25.457509176019876,25.457355469138026,25.463847593409692,25.421401964515226,25.47683505390728,25.761693276154027,26.063465058818437,24.962117649399723,23.623909243155666,24.85334086846352,24.977959436711178,25.2272349506891,25.19752281799477,25.011126523126265
21.17013331070696,21.175911021160406,21.17035968836276,21.21322578900765,24.902090324207755,25.373759492056674,25.69684308510612,22.945547343561792,22.063389038568676,25.29626670412513,25.29486735273696,25.157702067401704,25.224859922222997,25.2302914403439,25.57237105988477,25.5723874047842,25.57960368524564,25.545524030610263,25.222872113341108,25.155444631159614,25.37004516225298,24.204171822704744,22.632543966487056,24.38757492630144,25.017671993220045,24.616148020387776,24.533937976440924,24.532379383464875
25.159287143354067,25.157394934213446,25.13702798513216,25.231654151774045,24.94307056042996,25.005378349605948,24.910590022259196,24.899802782144832,25.274280271567193,24.718969048689488,25.743866662687445,25.712732656389218,25.9260835915543,25.99147953856271,24.931971245534356,24.931465109587933,24.892868348289706,25.097349561014376,25.78755921107905,25.754726330764555,25.919708024326802,25.772127858718882,24.644716047838884,21.099376874192078,23.816693066148844,25.050658710760946,24.789634828695288,24.74833358938331
25.80430277361506,25.803247061894865,25.776319986032593,26.01787013336031,24.016562853546876,23.855362673141883,25.956288921662086,25.53735468890992,25.28789002662659,25.219052742840102,24.678183125271815,23.677146983528186,25.104144952351003,25.6575231063176,25.134844641556345,25.13452014085368,25.132741808469707,25.172109466816455,24.317618778371312,23.90348654882644,25.358496728619325,25.485771427610082,25.6510060898814,25.553740460109182,25.613267313183364,25.651700511607167,25.57061979213347,25.59532437103878
24.953533719192198,24.953475461315023,24.958634264388852,24.92962316153573,24.92805460356486,25.396610640237824,24.936968523074725,25.683437098179752,25.35562253674827,25.23160041195141,25.308059249173088,25.4257269728892,25.37470909310045,25.24462002398576,25.32062334278489,25.32061149067553,25.318333919429353,25.33312746854055,25.300086702160844,25.4633393624238,25.403923454843962,23.854592739809213,24.41466625450016,25.41252240706875,25.454555181783658,26.26798291307826,25.567376483573042,24.698177897762342
25.4268648480194,25.427513711667423,25.430186545015715,25.41442108476334,25.75387846181358,26.057653356059568,26.31209946469922,25.567315092804357,26.3965210373983,26.47086299396566,25.77221759745403,25.574249497310525,25.459217843464984,25.33518120995643,26.191586906188146,26.191524046125174,26.202309324526595,26.15608871774851,25.65814220805442,25.590300520455074,25.36889160269476,24.742942066267005,24.517566594753106,24.27402745491326,24.31288607015282,26.107649261518695,25.64648127693669,25.21926895042869
25.20709427232289,25.20772255392675,25.226329923516527,25.08011722516691,25.748506371651256,24.22999958761163,22.715903535882198,25.45263507645586,25.19082212053096,25.490095415811137,26.010784850630365,26.32852084374319,26.260749583834446,26.05471229631999,25.729786177096315,25.72974556059215,25.721525888043395,25.755395525689316,26.093194884315196,26.442629288155462,25.869222938914362,23.634894220379536,23.28182655813374,22.272156027859207,21.198264878329937,22.727445715107134,25.197840171447453,25.42560288619704
24.693273501596952,24.692350370945555,24.66387915779432,24.799786074460243,25.422498522656138,25.71296484910067,25.286227716132196,25.352854604535693,25.9179183420284,25.818374515946417,25.583761916674927,25.23409702775012,25.008682574386324,24.940050795983137,25.74055656161856,25.740427189563018,25.739635143461857,25.750527287832337,25.489117492890568,25.172462945349043,24.951696948237995,25.039901776156746,25.123540715209217,25.14421562573144,25.307815347398964,25.579511908185687,26.089316308066085,26.29373139119791
24.388568610346994,24.3885695873607,24.388249071341363,24.38522335961838,24.525557577909314,24.90480091541764,25.04322945381685,25.07715683072799,25.323701561752607,25.24316260383538,24.863160002505555,24.535008849439503,24.051886172556152,23.82383753477198,25.142618023230327,25.14200860462905,25.141298451281674,25.1477069754504,24.75273877976609,24.459447579141905,23.88741396228711,23.405225330310806,23.47621091403957,23.374099542233402,23.385977141730294,23.41799880037584,23.546361264718353,23.516405430127538
24.331639800607967,24.331691470946595,24.328552825959456,24.347675194577747,24.382565040859237,24.32615863046582,24.496825896714686,24.670630373007565,25.329713006299585,25.804333851958834,25.58404337061587,25.35512270279058,25.50045534996989,25.523848361684657,25.826701536347993,25.82619309263649,25.822612591400073,25.84737447898882,25.466681121231844,25.39416389218338,25.516179000332354,25.39899407934982,25.227064901907926,25.000022498661053,24.880536769440877,25.083034899974272,24.928895999254838,24.83400414223181
24.628015761904315,24.628177970876884,24.6259502757056,24.64017456462656,24.766365611989137,24.870553679060414,25.01630663530492,25.05982803872493,25.029931538841446,25.999541859370016,24.68095802938543,25.450679574043985,26.18193179372215,26.20827144676827,26.02405124325825,26.01656715439816,25.997594615692673,26.060856590684054,24.511340263235983,25.787677184442032,26.249375655276623,25.284943104087223,24.484364965121458,25.443532814319628,25.844040906604466,25.885129871710035,25.466195491607582,25.236097685452684
24.262816624953526,24.26276860369834,24.25552387024554,24.2856865825933,24.47017759501494,24.08972593998189,24.064249523702088,24.182875231546014,24.079738137296616,23.788226618925336,23.596798303365745,23.811064819973865,24.07468809530907,24.11008843482763,23.73933609755409,23.738895444421647,23.738269244084847,23.74055988798332,23.58663022983327,23.913487101060166,24.078096450810477,24.06855194705834,24.37363601248268,24.707744629493497,24.818749686540528,24.871114922200448,24.835026401518018,24.815785279606366
26.138252734359785,26.13764059804578,26.13748124285778,26.131843750505467,25.78075941405128,25.683422525648425,25.97535056512716,24.68547565937114,22.911505260447292,25.497962741346797,25.537921130430252,25.27012804575612,25.260472961474257,25.283689700170896,25.73522766568523,25.73566852228754,25.739348571898233,25.730754485773673,25.448022367716874,25.23015746106817,25.41152031471902,24.646321446769434,23.543448407504684,24.855892699864192,25.94985979724253,24.87137992874368,24.488253306614624,24.81882414552897
24.019199233628754,24.017424270604728,23.967616320667062,24.213851606568248,24.514565729166137,24.536363815318296,25.00491210970094,25.175343395721693,25.03264877575101,24.751997202818494,24.362013451745234,23.846850981197306,24.04656997292732,24.34346142040398,24.600638211064688,24.60052795695786,24.606430765499677,24.57740457703348,24.26726931659625,23.759539995494805,24.225687167964438,24.017218064368375,23.92411126219713,24.210577240710105,22.556601452640713,18.25119664777492,19.729901917138942,22.263132800545684
23.938467644807222,23.941110815406237,24.007469414378935,23.620010161927087,23.581508298038948,24.092284151827528,24.007150382931993,23.537412201136636,23.736140875913318,23.982972682002483,24.23862415237749,24.69874755367765,23.398466814704392,22.584373175598426,24.138677882448075,24.138194754336162,24.13066558580875,24.15718960200226,24.32658017836099,24.64628384196355,22.813172454023025,23.9649741233429,22.861340024916796,24.297838851620625,24.789106272422536,24.997098374412907,25.006496507559376,24.98788854611065
25.589248491415013,25.58939204129699,25.58830571191728,25.593765664274276,25.64020368480897,25.314522972538022,25.07084157537858,25.13914148660162,25.115083403743153,25.11347305173763,25.064390480879208,25.237208530688598,25.548773348619694,25.633893999308697,25.1032590303892,25.1032638013431,25.10435538469625,25.100502576119695,25.071272301996267,25.32556379359276,25.58825418890075,25.76369111064023,25.90177364910254,25.894902721049156,25.706347319832553,25.457361697018484,25.085548507807694,24.939658222624036
24.795643664415557,24.79568758924672,24.798956119326927,24.78131557987159,24.61849859060274,24.529114990797616,23.875337735099155,23.105071614519538,24.51969035381419,24.353835529074097,23.912541827489832,23.820536735451142,24.18008003632196,24.352398299993737,24.192221026807648,24.192317401842665,24.20191345109021,24.15527884608213,23.85382035657942,23.870987617477624,24.281530089148795,24.50972618340112,24.588287698937897,24.856277573641567,24.95111698265,24.796280288300522,24.59908331255364,24.553967385574346
24.974629783403408,24.97469205895352,24.97327544716189,24.97708558074167,25.12201564444308,25.201660401223428,24.862194632610294,24.436218719688274,24.17771695968398,24.068372454389714,24.05293588053023,24.37846958975762,24.602367406128877,24.660534634042712,24.03938441610656,24.039527283357174,24.04460070598429,24.01306655942284,24.121264179338972,24.448958684783292,24.63493298372705,24.961753435094096,25.469904624455978,25.27584441854727,25.292894237487655,25.13776242091557,24.774839840174433,24.550512548326363
24.66826676473562,24.665812048676955,24.646243746643165,24.762460934442714,23.806412041242318,24.817953988174708,25.348256918051,25.18157029892264,25.270591407413598,25.55244301245896,25.644143925098362,25.566296040112345,25.266473734948974,25.122926564508965,25.59433996589873,25.594196170705843,25.589815118652478,25.612837713295516,25.634513655254203,25.520568561877106,25.168079642258537,24.868459207360235,24.51260658774241,24.82448859866683,24.94971910133397,24.942928635543005,24.94392091562188,24.944389648442822
23.76554001046607,23.764602256441904,23.842779191483604,23.377446749801212,22.39821147481342,23.68798060601842,23.85353609835646,24.539224031368658,24.9389363436022,24.633738405827536,24.418130091606592,24.49423141604978,24.53827416623865,24.507954031506557,24.537744298900265,24.53748631801091,24.539959036767073,24.52612146523404,24.406431851056723,24.532072695826734,24.511264012566627,24.51498979498829,24.53186222722488,24.458844528294325,24.227253796184012,24.480448039708566,24.746566791027455,24.792143784609166
23.870589489908276,23.87121057703229,23.87748242389934,23.847853495976246,24.02628657783034,24.212976138494426,24.39207513703027,24.757280644398655,25.03958851152719,25.26910461866416,25.341927246068863,25.496239329541254,24.87023003894772,24.586779525323045,25.329209379249882,25.329376216268972,25.330901723422755,25.314699446657926,25.400215001974228,25.406915317282078,24.70144352328655,24.486694621785357,24.42973379834173,24.239189173187047,24.07585406488615,24.13622895105087,24.04536932855801,24.04232239685978
24.515164303306797,24.51527729499106,24.521409700857582,24.485164476561444,24.5117756753286,24.745311546961872,24.890084231522415,24.917390868922823,25.011451463088363,25.222859867801112,25.309426527648714,25.22774878823832,25.359682834208577,25.416802449739645,25.305567481011977,25.305038150953717,25.29726266246305,25.337476655242185,25.272300384119355,25.248749812944233,25.392945272248454,25.508340972345785,25.548187844177413,25.672083082454066,25.82238620017411,25.829296807476226,26.229767901275878,26.354660890130663
25.05979226116915,25.059731759817677,25.061487776411926,25.061777294692092,24.747087934212452,24.494788211330746,24.68639439229807,24.898227338561803,24.74346339238353,24.265790859915665,25.19732493272739,25.10698686184018,24.70947215340305,24.55152190242609,24.435788386986015,24.43500146836339,24.39980236254421,24.581542266552916,25.259251204755888,25.009656402218475,24.691627850707775,23.901112423463253,22.349515770023316,20.853050066702412,19.85572334346172,24.640369540946647,25.273271007048066,25.027683582256707
23.818210935253248,23.8184704924876,23.81626143621864,23.826381777427287,24.054413413641313,24.089385347669126,24.207964544917765,24.243193429448056,24.598272817569057,24.63834074317245,24.656319725711835,24.446825723189473,24.2243924969518,24.150361063279398,24.63535979272276,24.63546269359098,24.63406300168371,24.64355236366194,24.625991985630108,24.386513338472618,24.18155377485806,23.93043842540007,23.868305208569737,24.227413184110205,24.330841925508622,24.1202180163496,24.147588490675062,24.176451494339084
23.06785544991948,23.068341001992465,23.069765422837683,23.064182020917855,23.302439328601416,23.378133855988757,23.443132067706717,23.619104113955476,23.705007306051566,24.021322306092554,24.093553572109673,24.281011030705397,24.45409799302626,24.488494996145192,24.129590266662227,24.12942669190434,24.130086073282094,24.121887181925054,24.116690915618925,24.32572249756104,24.55843915466135,23.604232693804832,23.1474445642568,23.961444316259144,24.435588472870066,23.65671538141872,24.364022651735265,24.721775102503823
24.294774562234817,24.294564768804705,24.290280548968923,24.3130326983531,24.27085924094519,24.061760252835683,23.873713757025552,24.16518163563294,24.35809710916251,24.65470033604741,24.366095165195148,24.207733971413724,24.468047098429203,24.532519994495875,24.671024971206023,24.670595686819716,24.67296252684172,24.664849486798918,24.26198101495087,24.271695176203927,24.512090508031104,24.14160575942011,23.765161537446286,24.199375807373904,24.460536505959396,24.16360178490441,24.025859517596217,24.056942921031325
23.974288546923148,23.97468076352543,23.97455951658023,23.974092681705883,24.306546783074968,24.844521631718294,24.877171712370007,24.64981942342992,25.41996129798771,25.382546285205834,25.095137509218965,24.836638801947338,24.651094574821574,24.55625920356534,25.29616374849673,25.295963827277884,25.29653769389662,25.301598222416217,25.001109441719954,24.80546072946746,24.592701417815874,24.53722439968987,23.45415711686713,21.802903994360125,17.903327194717516,21.854910693907303,24.840358930089348,24.77447382207861
23.66083586082621,23.662192290552504,23.63924676844757,23.86888409257193,22.84963791451138,22.151882598136897,24.59129211324411,24.45836006848821,24.722121538384613,25.072764089924163,25.154204619403863,24.55002925496529,24.49801654701494,24.6239738409845,25.13708106027038,25.136797346383926,25.12686683574527,25.18523269278279,25.04206515145478,24.41241890754244,24.76082300089524,23.26621514113882,18.178426097778893,18.663419320371187,22.14966729379031,24.331675177992807,24.913095787211056,24.93311223256888
24.326893412896027,24.327538422732673,24.32520158042278,24.34075590654969,24.549697780349504,24.283398337509354,24.544996756888224,24.746067849433725,23.974538302705476,24.001025709262084,24.341953968736902,23.705375518658897,22.641660684359483,22.458930081206248,24.23530519908538,24.23584006395587,24.232008300542297,24.243254885656505,24.32264038479832,23.357179536475904,22.587014436421022,22.47872103750623,22.20540067538921,24.973436693276994,24.9094151079174,24.739797981952833,25.21867366899745,25.43750386207634
24.442519693264188,24.441886944031083,24.444856052400095,24.41977372146943,24.341067615153698,24.435516314333334,24.452576390900152,24.312058947484893,24.22622473754888,24.39570503468235,24.16359856111494,24.01651931831189,23.923675952358145,23.873363117015934,24.364183084532144,24.363743978306413,24.36419167109371,24.363810619373915,24.096197928074098,24.002828946603092,23.904662026052634,23.74951876300332,23.71758286775858,23.79440764056091,24.01607129036603,24.293082069166324,24.384063698096995,24.278428605437625
24.573022968815707,24.57273916055261,24.564758036731856,24.610519745068068,24.495134984905114,24.350498833547885,24.371952464083797,24.39600059608155,24.274119479243982,24.22178979575714,24.35527928168137,24.33956709912605,24.077065628853457,23.92680997940578,24.253651982770673,24.25360142571726,24.24942666595164,24.271026528627573,24.364218401163384,24.31064406207714,23.9770460375748,23.379417947470962,23.292706335785056,23.915012618627674,24.116252250882603,23.886252317332413,23.905671179045363,23.907091640748465
26.211677838733507,26.211931612432263,26.20735744399658,26.22879246523293,26.626075563877517,26.257737010644668,26.30936817382382,26.594933800855927,26.759201364097418,26.39137152998999,26.014127536443063,26.208039609245333,26.013711466364903,25.89153049672986,26.251849288699866,26.251335479172326,26.252461154559974,26.247449177644324,26.001814579789176,26.204084788066687,26.061185980796665,25.67445680910301,23.926850613140907,26.847728154292206,26.997804375625854,26.669515760534196,26.430583412002917,26.40362382552464
25.83554549023572,25.83542505820715,25.83545559392175,25.8235939721583,25.99641174062163,25.962538428585727,25.64188640145626,25.48849713751366,25.887113071582167,25.437638420529122,25.207266833386967,25.450163169534896,25.649588188175805,25.77429422153108,25.19063126726976,25.190926063838837,25.19844144907391,25.16260595673612,25.27189759145594,25.446908921913487,25.913222444407243,25.32473933678372,19.126515206247582,16.8932107692726,21.847593834349095,27.22122282337445,23.947824586236425,21.917519250849878
24.907285825477267,24.90800373979117,24.92091968899777,24.84577809449217,25.277402366779885,25.97644850744982,26.052313824897276,25.997472764607235,26.31542912068594,25.439414270217863,26.29418140030817,25.561020666437308,26.266734215783806,26.85795427366853,25.467178502747565,25.466861918435463,25.427012735391344,25.643410147228174,26.248682579458286,25.45439049310169,26.916290889401896,24.25682574032923,24.011575776016443,26.463093347457743,25.965666605934427,25.478448073027756,25.216574652357128,25.15481971504631
24.824278159793344,24.823912577857694,24.836658110960773,24.752641020683413,24.669941369428052,25.449785741914567,25.7076214201244,25.398402416388734,25.51733140249259,25.728134729309378,25.551258437934692,25.8968199174791,25.93500145503415,25.851349015848008,25.695856629166855,25.69588429657436,25.703101062440503,25.66134104969325,25.591696520598475,25.93634873131117,26.101655845652587,24.20306532393865,20.42119818224501,23.275208665721593,25.590263779872185,25.611133306026737,25.19447128621911,24.964873670286998
24.584293446594575,24.571758069082843,24.69602072062592,23.899670461142,19.368669133276686,25.8202777816461,25.737792479415894,25.34763998887035,25.202023404527438,25.473887992917472,25.46881734622506,25.26968864125194,25.42977432373682,25.45911978721023,25.543918414372598,25.543464987228955,25.537451504003382,25.574768003113345,25.385193024341095,25.3109990238337,25.423653274717427,25.175926766007528,25.194251603117372,25.2369512756198,25.08627249232662,25.838063855357348,26.2126349291425,26.204870798094884
25.06278594953757,25.063212263459306,25.067642763677352,25.04228549592277,25.134391566980945,25.191182776696714,25.10206410290303,24.941664430416125,24.93279562853552,25.00623781658109,25.231328789191785,25.6941387610533,25.523906395508867,25.426627694575167,25.05215873493567,25.052347039555972,25.053451172253432,25.038871339649713,25.363807471682446,25.69476804138288,25.495030964994154,25.655296473020854,25.89794844846282,25.836779900505412,25.543107399225512,25.309638147953628,25.344858795577423,25.434253080948377
24.989908287998375,24.989236340947375,24.989821653415113,24.980280860576272,24.835717879722083,25.027091730677565,24.891749582913622,25.024141001306205,24.99932752866422,25.058285542153957,25.22406291140535,25.433573326282758,24.8485936787347,24.322350760603165,25.1564894957095,25.15593395314733,25.145812676592563,25.19736709617959,25.22177812655392,25.471427634102586,24.619292315357892,22.712851193315128,23.143701952962708,25.48012198682514,25.153909555874698,25.192200053386927,25.451192483567795,25.527521684773646
24.893142725974023,24.89279613848849,24.89232078573483,24.90014036213906,24.819688750473617,25.38706907482453,25.734419475726813,25.569597842451774,24.89790671070312,25.405140597175123,25.701480056772965,25.802354587940457,25.74183284076677,25.724349956495345,25.492239141769463,25.49215028743949,25.48820985005226,25.508893627357885,25.757462882156744,25.748538305522146,26.037132138038057,23.566870949221634,23.441633348662037,25.369454422724157,24.905233643314645,24.75004660228406,24.87673336793286,24.92424511838447
25.551281750307695,25.55134867315016,25.545672968190182,25.575574925400332,25.70051620837171,25.514245211408312,25.56547396846167,25.246000744863423,25.499158153938176,25.527395508490283,24.91047132352564,25.205577250496734,25.455441393499903,25.48518983413153,25.357715223978992,25.35716810310608,25.368237479338227,25.302752112265868,24.894542313871334,25.287164608726584,25.580427463140182,24.337135825895807,22.97943582561774,23.15505134370625,25.075129428173845,24.665405486376564,24.679052580044505,24.75553086853605
25.334153389095817,25.33461018128511,25.341877251347427,25.29384827911423,25.573321656891398,25.879063514360904,25.711156792369373,25.179773439549336,24.997061157891203,24.567670645691567,24.879855063384383,25.40028202497696,25.369348129093524,25.088641607621515,24.52947684591257,24.53006125640228,24.530268803759192,24.528879886900953,25.01251724935335,25.522290917705554,25.26738501742929,17.901200646005194,16.5619298807225,25.107749098534807,26.12710392723625,26.11981544042311,25.86088488325285,25.592862028297546
25.54971531646453,25.549709835477813,25.55095229481985,25.53469705043591,25.76580450806494,26.046028127944048,25.908340368709595,25.34301342277946,25.150477171756144,24.900581195062216,24.58885122722207,25.167956631196702,25.247737349767704,25.166537977247476,24.786911654543122,24.78676877261325,24.799495768339014,24.719560711355783,24.68492902570443,25.268028199624034,25.180765432629507,25.04484482519091,24.943442632952852,24.62081757195837,24.206818618681613,24.17965335941986,24.294839212212796,24.36136586986008
24.34300966770566,24.343244317948944,24.334349843930692,24.38744396550516,24.638900228408488,24.338493254513445,24.12900376718011,24.051788704081485,24.666816217828973,24.445310702903118,24.481886472173834,25.468742789316067,25.200652767433112,24.970557743930513,24.398639744924157,24.399130362877465,24.414994380946343,24.309707624505812,24.733124946352376,25.516424560420432,25.040042850696246,25.57315377780263,20.259696202335913,23.820457155307118,24.94374226304157,24.538697431092327,24.609103411426588,24.662164248201872
23.869504911311992,23.86876008304777,23.826904444328225,24.043564829469467,25.211641295111214,24.96467324442779,24.76599126691814,25.25619507676791,25.315586994448157,25.033452567325114,25.094995712788062,24.95702445941803,24.65349723439603,24.526995286744363,25.07922132878799,25.079019001281956,25.074628022909614,25.093149449558137,25.07591027052785,24.90073568375535,24.554213616928056,24.277837653017734,24.272533093859067,24.341031492267955,24.450383376823105,24.38607511429656,24.164702265263195,24.18678006644403
24.778238680603145,24.776821300887836,24.769933985698238,24.8071199985732,24.333491351597036,24.343316165345687,24.984165821786263,23.318441515336353,19.32176591597219,23.943345226149212,24.474046836793033,24.07586488078547,23.81440791254376,23.787557888284987,24.65685220659065,24.65651936639027,24.65470878532579,24.657775220457097,24.389312987448157,23.968787225215106,23.836250034793572,23.497591294321627,23.702440478599684,23.38332928921028,23.146797491386035,23.44958291860865,24.532816577817293,24.70832276241277
23.98143258182403,23.98247195250543,24.001681431482922,23.891323149689896,24.23833120968522,24.63003258449038,24.56716420954113,24.456412515757012,24.216820212458945,24.612020578824136,24.78464212293144,24.660229666652214,24.492586979082382,24.379653285194095,24.791742673739247,24.791128489003974,24.78176853849948,24.82755871340221,24.73847823035139,24.651202039601486,24.402343965823604,24.04047539654995,24.80550333227396,24.939381102188737,24.891444477696783,24.149234341404522,23.439379560092092,23.28983229331319
24.321802893696844,24.3224304386391,24.331442132143525,24.28436215351167,24.259850492622444,23.873972283413877,24.389817496963893,24.350143015376528,24.200610293548586,24.72619457844283,25.002438213981673,24.35739756811173,23.705710022749386,23.71238973332328,24.856166397078002,24.85583321526978,24.845670816392957,24.899020662192584,24.95060726827447,24.06461170210857,23.807745255805635,25.276938256980355,24.65448449254099,19.284059484062578,20.042612662187675,23.398657298692473,25.06531311712579,25.20094263165527
23.783142617858527,23.783313731914298,23.830443591215094,23.55207265675616,23.319723135086164,24.199287852565142,24.460852089073086,24.701323684335676,24.308954654084392,23.658901801011577,23.75485442438618,24.01071469151638,23.95070421519,23.864472828355286,23.564825171514997,23.565229262588282,23.566896209784503,23.5569478134788,23.836633052585828,24.042183048952218,23.84999900587377,23.82034653039348,24.21202450238489,24.90334559293126,20.88154406775271,21.791285614239108,25.261178821510264,25.37016073078592
23.72439932715998,23.725618894160547,23.75584644405645,23.582326855969242,24.034483346075348,24.354371039987214,25.597352892355413,25.734615109958476,24.9716922690161,24.747330673561642,24.891415846873905,24.795919887198327,24.529225167104123,24.550280881422637,24.79959052993658,24.799341593771455,24.79491415840547,24.809026920024863,24.921384883790473,24.677778757447218,24.58200259081139,24.87512031959408,24.827452875337105,24.76588492944998,24.874136526171988,25.1368247067188,25.370338282910783,25.451344754631887
24.949239351193757,24.948732971078762,24.94268248697541,24.968551136609346,25.016582211172874,25.441353919660664,25.631422596285617,25.28930426619808,24.655683442790053,24.34755578500986,24.690654074658656,24.865103175066427,24.848455028101466,24.811955981696684,24.366988605742332,24.36797770515328,24.36501608794108,24.387822214110408,24.765768413078366,24.883135193357255,24.750038730538506,25.073127135718927,19.958604724520058,22.018974841736522,24.633592127074895,24.38422742171114,24.191951597339475,24.13046193287805
24.056430596520563,24.057688325248716,24.070343901122232,23.991614287975736,24.62594029893161,25.084811968940414,24.667051068936537,24.479522497389674,24.710378066160324,25.330935460634095,21.695933570258983,21.85287435427396,22.623871036838334,22.548415606414878,24.84504672245271,24.836403663168767,24.827874644329803,24.861003641728512,21.013366160563102,22.312361380506324,22.522987852062208,23.330849763346766,24.989596252896536,24.822989596787593,24.754288867042018,25.33132311374485,24.428789307564383,23.576584001757325
24.8466918206646,24.84675999497312,24.841879913868247,24.868223621174323,25.02921602685324,25.10803087108065,24.824885670536837,24.67607129878103,24.447482148242187,24.8016742395224,25.10379076107435,24.869768868841742,24.85329170452566,24.90442803010662,24.98081695026625,24.980538312323063,24.97174303592655,25.013325776634744,25.080497344189837,24.824989607398127,24.876693508285086,24.718933014915635,24.893666062675017,25.219819537599303,25.267003591174557,25.448679086546157,25.180790841574765,25.006833193497926
24.314895236939837,24.315699688318503,24.32294024993432,24.234406071877068,24.998495950660594,22.728396576781527,21.14781888021767,24.245547097903593,25.053666024412188,24.344418523248127,24.375895793312168,24.242239956126937,24.390789413395986,24.613405400281437,24.23026866648174,24.230809152934732,24.23480502249763,24.211669647014325,24.419560758211915,24.17725254105999,24.527846125759897,24.623255376806476,24.59689786892965,24.595833927424774,24.428240704590873,24.8114715842843,24.697419390625843,24.56954459802455
23.431859785687287,23.431991956585804,23.440458679040404,23.40467187626715,23.298651952740947,23.729249990734147,24.42717712726295,24.327998785593795,24.227945459843536,24.59404948692914,24.825371228172934,24.806901484038203,24.59532631448733,24.452502185233108,24.772981217089196,24.772543062056958,24.7624753575745,24.81345752441254,24.803985072204746,24.795794956520812,24.525363680637064,24.311289088277544,23.55900367546772,23.745303182584358,24.041438966706476,24.60943657966138,24.364678684941282,24.286570138377844
24.04127864248774,24.0415325587772,24.041486999808274,24.03352818859073,24.368051756957957,24.62751937263602,24.765885162108233,24.74268271566493,24.59837471718212,24.341609469547183,24.12763904466987,23.83750675086954,23.4371068622813,23.271220050869857,24.27515358052939,24.27517393454594,24.2767446748334,24.27235244531527,24.057010652863504,23.76277569104481,23.294129624688885,23.323253289649053,23.60782846531952,23.816850296368266,24.005993368372298,24.045200075180105,24.24684396303583,24.335960972012707
24.10687877393623,24.10719658852669,24.115972661724843,24.07039827152011,24.00908376664784,24.109188424205303,24.28399049678181,23.93373516037936,23.652822824036598,23.544664165351392,23.478503761845857,23.24012260818204,23.373972178775958,23.45798669369284,23.516976728012004,23.517285000201717,23.5167732138609,23.529106481053184,23.41479324306757,23.208837140512173,23.650911442719302,21.85238589111881,23.096842167508,24.123747668717883,24.272060941009663,24.41363481516848,24.37086533471826,24.434801513378893
23.686926248543703,23.68783813294911,23.720308525168413,23.5290124593699,23.58599179210023,24.476009980389932,24.6185326434139,24.87491084909175,25.070423916154326,25.561418784637056,25.620893562409947,24.506547366595388,24.794494434224617,24.805695062827763,25.67135680264395,25.671673519874915,25.662825081892993,25.74302928229734,25.310572074798888,24.55808978382805,24.71914666466442,24.130625132023184,24.497817127585723,25.22154218576148,24.571708993646798,24.42826086325271,24.840469054813802,24.74635653028372
24.512773076692167,24.512861907450173,24.513591212310892,24.51160646905064,24.437140670377286,24.469151130989502,24.462315366152488,23.571515400405197,24.464172491586154,24.452757615496076,24.316552184238915,24.130274460449456,24.091606052974964,24.03454583636223,24.448019597376533,24.447643919475354,24.444050630837495,24.467819141656296,24.235605422615812,24.14263353823558,24.0277907597873,23.863013673342373,23.840324579099335,23.663109517012387,23.664172461835275,23.591894411910047,23.463229198327415,23.399207304399994
23.703250485256643,23.70302233008391,23.695446987452044,23.744476283417455,23.544857104884837,23.537715756125813,23.62667795075713,23.52272314696598,23.795984327890096,24.24242485184095,24.489346981877116,24.37600412656684,24.103735814868482,24.045343928963646,24.36497523757749,24.365109129725994,24.36177850032937,24.375200811037857,24.506498861196302,24.291316622389697,24.081552432128554,24.009387844122777,23.693107922200454,22.72327238598174,19.476877843926978,20.909167835775264,24.16170875137763,24.646671732197856
24.050290769458385,24.050472299148552,24.05528323642139,24.033375412461318,24.021298992041515,24.477859593511383,23.40532260953846,22.738307483654026,24.696479572564808,24.215224108972052,23.81061878539351,23.977319646846606,24.22279919873933,24.32121127279309,23.935155236993133,23.93599441334582,23.951496979720517,23.876024868039167,23.84221353517779,24.020097039867718,24.320021518329295,23.864172960873805,24.769817652282125,24.929979777250434,24.829500852518407,24.71519395757173,24.626714282204848,24.612913868644807
23.829911239072104,23.829039385987233,23.824782234820074,23.843195965196163,23.571916913574974,23.505008907172083,23.623003144849868,23.650365439107862,23.686863159568407,23.81328498883027,23.821343278930744,23.98128469423115,23.98524830432183,23.9739782815566,23.84984809695529,23.84970223152652,23.850521535196034,23.841042244467143,23.852440160879556,23.98150129143196,24.07820574844056,22.938172531016427,23.20043327173802,23.48732117295799,23.732856818542288,23.9828096751543,23.780305738897844,23.660555497419473
23.85863618562276,23.858428918905645,23.85229233149154,23.88596836714897,23.856323065168382,23.858797173477896,24.145517991759572,24.001032211387813,23.93933727131919,24.06816924621615,23.992350323326036,23.78104912172958,23.60413710119244,23.602754402039146,24.06221366606362,24.062089764462318,24.062567797960753,24.060474211646255,23.95985106750736,23.706741297614222,23.571373800899224,23.934273594328243,22.260904268417196,21.72858233597013,23.92321342033395,23.67395358436769,23.8234599567743,23.94231328730735
23.46896706732709,23.4683282612662,23.466754573661785,23.474145635183405,23.28895357669547,24.28644979173656,24.53730210741545,24.087941270117458,23.89582982276917,23.90232733634341,23.84652588220159,23.628533545662226,23.22922170963921,23.160724454076444,23.876945610924167,23.876940674019203,23.879374712849703,23.862899049894775,23.840293644462676,23.50142196631092,23.18287152248054,23.561746222191157,23.735621429369345,23.499909725350903,23.43456437656518,23.719832896728096,23.650838981524213,23.606633725395092
19.475253193526555,19.476976172478746,19.431353028023317,19.630490169083373,23.127059297808948,24.90918674457364,24.90694126755508,23.69377756193728,24.70126627932612,25.412412180305694,25.407995656434487,24.872277859186056,24.621672777473226,24.57731086632392,25.44976871801861,25.44928303952516,25.44136402581465,25.491367408032804,25.291160897085298,24.737683902937746,24.859888077685554,22.27371290480175,20.570902133653483,23.827676565586753,25.18936337312696,24.766863786476474,24.96932333975517,25.089413886546463
24.505115738910867,24.503892759514873,24.453976201484952,24.701488291375917,25.729352169234996,26.345688049537276,26.285582189215134,26.142805511745593,26.43412191188035,26.42420271881735,26.31379937601641,26.211264205576555,26.06359534956068,25.87163763365132,26.369144626405717,26.368813460587006,26.363479127341034,26.40379832469756,26.234062954567705,26.253396762735353,25.910893049466363,26.32857960034674,25.93320983439006,24.97492751128253,24.520162998453603,24.547195097849322,25.14123216061801,25.37603809628358
23.603233589833586,23.602417346325737,23.60060084358644,23.6185052873067,23.037263433094587,23.55699017648344,23.552296942741805,23.44675014475276,23.45745493765414,23.497517536095295,23.464251565356665,23.487526697387963,23.771560663905575,23.88438099137894,23.50327934598333,23.503562809364226,23.50542442703444,23.499266759210904,23.449981271238485,23.544945771544572,23.766347863449347,24.82540137168855,19.603737981942444,20.911609881128484,24.13806241859851,24.22955065933075,24.312358928121164,24.27659300589498
23.78581992906489,23.78512815596779,23.767468286521005,23.85824598849719,24.103553924292573,24.234522328502496,25.103635789130074,25.053924755213895,24.286458503632623,24.240416639070204,24.434298455905935,24.481260370807107,24.231526867655084,24.056571016642913,24.3356882203647,24.33597030088696,24.33144071000188,24.35924247920108,24.437480389557315,24.47176650218774,24.139011643538183,24.144203483212962,21.811290481874092,24.16168858946716,24.90015113936831,24.659052438573873,25.69800806281287,26.228381113046126
24.32493846490097,24.325201224636487,24.333663182136807,24.294506392833732,24.001786973718765,24.079250131766045,24.539209177827782,24.46581111638742,24.355677028458516,24.533704282804813,24.424293715013405,24.470329640494956,24.7329034376281,24.815268980424207,24.537902102184987,24.53778681169657,24.5410323126781,24.522623482408648,24.40880737679546,24.53434439325776,24.76392310349849,24.48507103122691,24.247277042506095,24.442132377523297,24.4987895261699,24.45308935024373,24.362901297181367,24.3332861720806
23.859165266389923,23.858775301618856,23.862298371050038,23.839513564486495,23.658618823260614,23.563749913474474,23.383314993549263,23.407450893983164,23.906511056241552,24.072937835423584,24.344673675041502,24.832815347310092,23.99676267263979,23.655507235556385,24.111395316731933,24.11274625341843,24.129798300017825,24.02077782005475,24.572584699300094,24.652075414908452,24.13654578967327,21.502671703677144,21.41883311574397,25.18888400475175,24.85216795513127,24.84759575103417,24.49832399664679,24.41103362713739
24.14121686854768,24.141026722727158,24.142697385380036,24.13121618385727,24.109463189759214,24.33596887378376,24.212485956679018,24.50336637557335,24.471318441678882,24.47575212126852,24.024346841258115,23.8169405174049,23.911236013475293,23.97135924346787,24.37050186199662,24.370593646787757,24.38242510318258,24.323649284027777,23.945458835463498,23.819447554915055,23.927831308131918,23.964317347156573,24.093001236384836,24.400472555214073,24.529238922898525,24.340523986738678,24.20213003462569,24.210217387388635
23.43676558839192,23.436424240542493,23.437917744124704,23.42796255683294,23.39821025137995,23.78221115772501,24.229157296116323,24.430650775088875,24.640081641843004,25.106430743543996,25.606309731769766,25.30409015678027,25.417634191770325,25.52353910922392,25.34478284076898,25.343953837727298,25.32082986050196,25.442832443250698,25.5504870381749,25.279521588854383,25.494269199160694,25.313092854907012,24.710128533193547,24.456335828529035,24.403989777394408,23.934069127883173,23.897282181785656,23.943354099256574
23.085886709634124,23.08520588943266,23.07393518289878,23.133035057750234,23.100057569779683,23.144294828546073,23.300763491801625,23.437089779140596,23.680503405668862,23.893133826935724,24.06633468862572,24.09614070999388,23.798211820366184,23.672120938128913,23.969400982735714,23.969533694142655,23.965972291147214,23.98089413444619,24.09434308218054,24.047186787880783,23.71519155273655,23.59502527882883,23.57026304854956,23.367405899924208,23.00854876997201,23.02617114528072,23.27498438119317,23.340553027859126
22.60107527984635,22.601543946427235,22.598201399090364,22.61635136410103,23.06715071159596,23.620814361259185,24.200465275144552,24.714520460029128,24.89482059095886,24.382217863291306,23.64667586088981,21.70419453890294,21.285880004319253,21.352923214394355,24.063745151531364,24.06515539115157,24.071134679516586,24.089996407180877,23.21174757867113,21.43571393118055,21.300132334564026,20.127456013903554,19.417273840149484,23.637117645509868,23.83011640231791,18.74984876895259,17.25998272938203,17.002858894142665
19.748617581775896,19.74808803934326,19.82585411099063,19.325956357333702,20.212894619270205,24.087022829288475,24.740472589672883,23.81187740688112,23.987467386415865,24.817601542360727,24.41010004371807,23.87584890906349,23.751412188788464,23.55561525127972,24.772509891680627,24.77169201877661,24.763882438731205,24.822593382282285,24.179954635352235,23.903010174105283,23.675078485743395,21.71655836661716,21.64489333558357,22.989739327413897,23.561567848550332,22.022514146573524,20.08796459533207,19.56977873372625
22.16721099975512,22.172122855879422,22.158435050828047,22.257213926584015,24.801384203284183,25.291434757728478,25.289144936916486,25.291795480412276,25.505673581671463,24.012989107038294,20.706050375813327,19.13254239050734,18.990246482661938,19.379731987254484,22.879551931748402,22.87896161108984,22.932291021219463,22.688379891019416,20.152060733619557,18.8195098344516,19.612028087504708,21.67270131017685,20.553183763973728,24.575214718823457,25.837843716190775,25.862360077848606,25.389127287705332,25.174077593908184
23.28501125349309,23.284632498095064,23.244247431256774,23.473664838398392,24.793809558409208,24.936267817754096,21.870815474266355,20.840635900796393,19.896468514958123,19.61598518897754,18.108290203235,23.08603443487973,25.941784355991416,25.94090983890698,19.31279457189221,19.308423957415354,19.30745685709809,19.273007563422016,18.547590819368647,24.448658104860293,26.093419296863143,24.671754141001593,17.23306774641812,21.55108925455756,25.802849246247735,25.588678964509608,25.56988642417881,25.62424132431238
24.58822081168556,24.58850144395743,24.596402945296397,24.56300546664955,24.310505779811006,24.196547792377444,24.202895573914073,24.52464359737214,24.872575549213835,25.08245518079863,24.874247132952558,24.772501482785305,24.43707980450311,24.211848349815742,25.074563559719223,25.073906200835403,25.069945166320654,25.09291573462875,24.798208342650074,24.744635372595468,24.394147325760194,23.37468742653102,22.24533962063966,23.98242176978384,24.530799817874883,24.552374354295292,24.554564581178063,24.53981213210759
24.233163171667595,24.23263020632857,24.232704055131105,24.23025319466091,24.091536285609603,24.043456204841608,24.520212846533063,23.51002896250575,21.607816456901855,20.309062251431406,22.84971606274079,24.19909633357524,23.347002242343393,22.938693426266674,20.753967126110002,20.760163139092093,20.759097185328702,20.75583934266186,23.52650509932916,24.085861006162958,23.10809331222284,21.667839109857127,23.442466888426793,24.82906861643341,24.3601950472151,24.38109237252647,24.257578271002956,24.15296498972335
24.359449569196308,24.35961304414611,24.36179589124216,24.354368661618416,24.171992765160738,23.58291615967975,22.694226621630833,20.335942436653013,18.562299746940887,18.705054931867135,22.779773757488147,23.665088230185212,23.680984448572936,23.719139687555376,19.890195702817383,19.88758001565627,19.77444521721954,20.34033149196477,23.271161641101347,23.623035064488548,23.968232460132775,22.2631048850642,21.076912605567074,23.651691904151033,24.44750371065406,24.73764104846365,24.779731827960276,24.736763634523165
26.1122328815884,26.11147729126871,26.13222817107705,25.987547482186255,25.770407080247836,25.605920211831318,21.45800059873197,18.77935901405079,16.629490222126442,19.331922630941847,23.723626637942463,26.92546390791035,26.222847493950383,25.606081209984872,20.85910627888971,20.86050436804107,20.81858462224486,20.95721265118975,24.83991851568452,27.031057902652037,26.02063730930811,22.112451513628674,23.242853654034132,26.430656642328763,26.057043726299305,26.567808554664524,25.50647616456741,24.668516217710195
23.00739521010609,23.005483959336296,22.950141538354107,23.233534260008923,24.86693570808712,25.025854511156755,24.32726485311317,24.913947492887104,25.33226423607428,22.492753881417087,23.811982160872894,26.18144897506036,26.533794172237222,26.570316210402353,21.958743862003622,21.964984107381113,22.00310729476165,21.797495634412172,24.688006231736942,26.30465551229401,26.822648026779138,24.18399781415784,20.952321407601765,23.65287632418405,26.408918762446916,26.060419254302396,25.46635577729727,25.36675867032534
21.428980417683917,21.426692270188,21.48129352850576,21.2001736651599,19.17824135541353,23.358908211981472,24.396092462793646,24.242280912639064,23.56972181399496,23.913657911872715,24.690878290421104,24.484041845377696,24.824702116445152,24.926732068438863,24.305976296604623,24.305036343758214,24.280099883054973,24.4034160132395,24.66109132232407,24.540500439905337,24.869189133827348,24.622419284939586,25.24335834414389,21.53254193136891,22.111125938803312,23.654543730815206,22.81966969439729,22.5640885290672
25.735817062462104,25.72936924212079,25.69047483691253,25.91979213299453,22.81172247840933,23.21645787490083,22.79380169501464,21.67090219850813,20.581333373469803,21.301798384642538,24.77474064452589,24.787202811268592,24.67182539440059,24.824352574710375,22.48763743721447,22.482492284202173,22.35307940282287,22.975450283493657,25.008841275414138,24.620261674222572,25.02189843688426,24.042046076056664,22.080900875479117,24.893306611336655,24.849770623768116,24.85735790530377,24.642525997983267,24.4143802553106
24.073972702629295,24.074682893973947,24.094626075752323,23.98087527507009,23.926202377032446,23.58347458756887,23.851660349057028,24.838374621823817,24.105463565080843,24.36092784769025,24.45539121811637,24.220864401892513,23.56892660092691,23.254556203644334,24.555882207462645,24.55531161909567,24.551053923602453,24.565474208571203,24.40556346834803,24.115695053734225,23.391208884218592,21.52677548748415,21.879970479465534,24.00592547096074,23.90208953626213,24.093595753142566,23.951089692154227,23.814374077803325
25.27546003474708,25.27465230006648,25.23680148296182,25.55585154809804,22.96864616075613,19.737995989376977,22.56378948266807,23.634027717310634,25.566881406344443,25.406541290750297,25.446976043506304,25.066720352978926,24.723604503677944,24.640296354244867,25.368734346642338,25.368782369844443,25.363954008966445,25.395232917314445,25.394167048282945,24.96010439156117,24.655613360993478,24.27041468880467,23.81141591901151,22.765990154054904,20.870944627636266,20.443765225550646,20.144013851231897,19.985936700864446
25.31344175966037,25.313090237702973,25.311920514041173,25.308152660689526,24.824622232813915,20.940681545661686,23.43957582627023,24.346176690127994,21.3869990513223,21.85306206638804,24.758238197363248,24.667928970474016,24.494265176765072,24.46048246134111,23.425109105302887,23.421496523460792,23.323377802003883,23.783745800590864,24.82972827001573,24.609240146484552,24.456311247953224,24.820766994412942,23.908287983364524,20.295814179655686,19.157018403697876,25.361347546687618,25.101084163600294,24.151961704587396
25.252735154596046,25.251890886234577,25.249391001506822,25.25153249721408,25.07104702734059,24.926384676189492,24.850880485560175,24.943390102755444,25.13582960175885,25.35125078645868,25.408348749717522,24.919366836640794,24.831397474601413,24.836997706278304,25.34835625943694,25.348823509679004,25.343907201198682,25.385578708269755,25.305747010168265,24.83764556761676,24.981080576875925,23.933645926463257,20.483852497427712,23.0405601230962,25.561106710530105,25.640313817959342,25.43480857177859,25.130244475665986
25.7204833383838,25.719829675481606,25.717557302957594,25.73949185854509,25.195674105618032,25.324090283781832,26.344264305071203,25.78069014904194,25.13440325644015,25.551888728889157,26.113650024600098,25.53830889199257,24.877616197731847,24.659396473805867,25.86200056207477,25.861383328681775,25.83596357993616,25.972265489927402,26.016856965240063,25.369344260487207,24.759836205022975,24.583737113549002,25.19058934697054,20.72079122237916,23.44888034892938,26.444861386800053,26.11986031628257,26.184366690075986
25.81243875591667,25.811201988423704,25.83183277118067,25.695771232410525,25.478360371043955,26.96387807287048,26.81554317505033,25.91254603042515,24.983935146271953,26.167756940258265,26.077082277849378,25.45956432059178,26.24809219131248,26.9422803345276,26.280883037338175,26.28133584469732,26.293260626297418,26.229680897576902,26.001352284020975,25.344796136898424,26.920825771580795,24.529758866262846,26.209691088253955,25.582359931439207,26.428417935022637,26.163552454606954,21.160993572396286,19.982915510013143
24.84381205510717,24.843961651843713,24.840484672139752,24.85675875786269,24.98090604550892,24.869470859489102,24.822058128312484,24.62073716801192,24.008807236862967,24.306506457694876,24.727552523172914,24.679650190996718,25.017719536398673,25.17395548740633,24.587254722361084,24.586647812461123,24.57350829994594,24.63567221471658,24.713256828954144,24.727329975862588,25.10916273501801,25.461067646648978,25.365512729238525,25.356421939388582,25.689765661665305,24.895015757810864,24.3056983879481,24.143048315253257
24.746071914884602,24.74622379867168,24.74680484628021,24.743945360834143,24.83103024691983,25.289935188976834,25.529996683215302,25.0674445175429,25.407943554136928,25.219572635631415,24.480973125807648,24.744337144140335,25.01814249429978,25.087126569233803,24.913165761377275,24.91345609886013,24.935642830574118,24.823514282003202,24.48217694571274,24.811054588325074,25.280686755230686,23.809339949068466,21.56376704618812,24.381792845109082,24.482885169701987,24.394222458293537,24.405571617182613,24.465222305611615
24.92229129695901,24.92203497119949,24.91234594281122,24.957166497198465,24.994642498925238,24.432086189381135,23.602766689245875,24.274061470578733,24.551352073432998,24.63650443438793,24.62962918160636,24.618167955275833,24.742562471339255,24.779501182345104,24.674533695658372,24.674747141338674,24.676572675439402,24.66602772259248,24.620975574637338,24.61002729999717,24.98877927615162,21.539506870296087,23.32674204613072,24.76553119275288,24.328587235551687,24.109982455406083,23.34311739271081,22.991988001699752
24.319677976238626,24.32035771939244,24.367054273261623,24.085086200186154,24.102907625087983,24.789958799133903,24.123474253090848,23.835793844207835,22.971323229988485,23.9558888830114,25.335615414976267,25.28305737968968,25.049875897275157,24.886788322564513,24.610487029121728,24.609198955362036,24.565490285478223,24.779162496558207,25.37330041187961,25.274699783758734,24.87368740360791,25.00501142705858,24.878468772589635,24.25866222893892,23.488435920632195,24.571730280855228,25.510773959580842,25.57672680382929
25.005456030839333,25.005466098664435,25.007349820373825,24.9949719255278,25.040783869780924,25.140611289823205,24.60210224035866,24.843516305647327,25.226652924358834,25.06824141670254,25.144113510540578,25.672695915567886,25.561564433202296,25.367056452966565,25.02602498805873,25.026435894940573,25.034410398445523,24.985407042182217,25.271140762584885,25.74333539444335,25.42241486995075,25.153693203079406,24.855413940130518,23.64262147797132,23.12838759857487,25.215944667127577,25.33503377959465,25.224945963630248
24.34240212172906,24.342345294073148,24.340617387482887,24.348040169452293,24.474542189508796,24.5115837950276,24.772418692277707,24.738799233508455,25.126019992995623,24.913414866244338,25.041479032299037,25.44133209705794,22.832683937056128,22.005683427420323,24.809704087460876,24.811676700110397,24.828098758677733,24.73222740062326,25.30957175838914,24.820299122160236,22.817254716265314,24.12632057007464,23.62475410904536,23.4197013547655,23.941193527077935,25.122691715405875,25.083145457229577,24.916105347802233
24.09751819860322,24.097299256955182,24.09552961153664,24.1058332827906,24.115866183932518,24.299654492334327,24.49963590411866,24.548936327902258,24.152051788663055,24.074221521245743,24.130619542191802,24.33213025890872,24.56950452458463,24.542013493284273,24.109885556880354,24.1096986283987,24.105390810983007,24.132555829828647,24.12458914895202,24.44822262651997,24.54416980874223,24.424766212604627,24.21187116499338,24.62126157069029,24.734681105149203,24.972107624216598,24.835276386923184,24.758894354934185
20.17643855977466,20.19236574997886,20.38238237220165,19.35919136680775,22.080007054848295,24.413290104004325,23.96851470837604,24.066226280396236,19.38115181531681,17.012089426510165,19.67684792822035,23.187768395834038,23.464203835870673,23.333590858497857,17.577524618231998,17.579227218004227,17.575568901812414,17.519181538372212,20.779810379197677,23.4591850200674,23.43482231023702,22.862138457235723,23.096156713464055,24.804716989543884,24.862904222202744,24.499066270561993,24.2402706343865,24.15666775543912
23.708956054968414,23.70911987585633,23.71750755604117,23.677172237003717,23.53310751208405,23.73471739552253,24.458271815761083,24.24986481614501,24.04539014232056,24.098126812987395,24.298166571081392,24.616697545375995,24.744181577596898,24.753785770877336,24.137943726715402,24.138242454474714,24.139401590105457,24.129048979293756,24.38708685386662,24.665232110142604,24.775157082799772,23.70522359575805,24.335755397083865,24.593667719393352,24.837543586243473,24.746564381750098,24.787446502245658,24.79514095033786
24.601439234358917,24.602283535198694,24.579451885256564,24.8199623351556,23.02829612121969,21.65232375245332,24.53658710773314,24.85543139067879,24.325765624598112,25.03459045169931,25.79684365959399,25.050813134146086,25.94914174875076,26.30796457703608,25.469437179808438,25.470047408478663,25.45384601265836,25.56035073215805,25.628059312776035,25.12712425000754,26.351060278180817,24.11688947493252,19.696040905543757,18.384689062720124,24.70780769719724,25.99464418173068,25.552242052609056,25.456599735586497
25.051829246682278,25.0508387301338,25.046370400350675,25.056749120247964,24.610378599092318,24.471097403871408,23.614882467692134,23.791059915037184,24.202170217156482,24.580269911975957,25.485227832462613,24.75494192631274,24.39757326945964,24.36009228586179,25.091781546169365,25.089949324912965,25.04719089320944,25.26238528377446,25.36066868645311,24.608963653635165,24.350044141496287,24.663615311572993,24.69872247765418,24.462135501168653,24.62657333525675,24.730833991004857,24.70752458642842,24.718834106262634
24.73001567033231,24.730051187247966,24.743783954850315,24.645630231747106,25.10536319458648,25.919353348676992,25.590028233531235,25.17053276776749,24.85288912914512,25.01647046590734,25.40421724791355,25.180752018749622,24.657039731869602,24.477609350986246,25.212787121011175,25.212725685070012,25.20263936819572,25.250240715211874,25.404409429967494,25.054960605276506,24.555127636108402,24.12272249896194,23.878111043532673,23.780818332427344,24.402710980541524,24.55957360688347,24.6093231281317,24.651652781621745
24.364205296455516,24.36404623572772,24.369506299049227,24.344608522182977,24.13452557915694,24.407000910072526,24.561731368337213,24.28814464072866,24.363991416525025,24.49425985762204,24.451949087139823,24.12091183566233,24.04382764658186,24.08638241928987,24.496889141148788,24.496997537386967,24.495008915723588,24.510468493805817,24.385440793849043,24.03765520817038,24.198734289695853,22.94441812585624,24.183835046059237,24.793701639940764,24.784992644286504,24.944346584865674,24.996469474816777,24.982552154578457
24.201857486495374,24.201288654203893,24.198418401152622,24.216663136768794,23.905181851587066,23.8888626313947,24.10354982016687,24.159719712778664,24.151184494760546,24.58970508881632,24.78839240501072,24.815246583679688,24.995872993578644,25.063461906431876,24.767997819036612,24.767409661283814,24.759070150621078,24.79773053018445,24.77548123547915,24.82485919245759,25.23683947720928,23.811080099421474,21.802539297684877,23.297672275836867,24.337814383165004,24.104965509326775,24.101587921747285,24.14303616095347
23.83454138889535,23.83536883718498,23.834986305844396,23.837428221500556,24.123962568398973,24.016856375080483,23.842864727925054,23.3413523063887,23.637508445342647,23.897928057409764,22.91103854150294,23.083028238626618,23.67489671464904,23.790486067492406,23.65192794658101,23.652427566941714,23.678625338354706,23.552872306401763,22.805031729551917,23.257372629485143,23.844962414992402,23.018223348073974,23.491573802120644,24.134179845571857,24.240967733032427,23.84641206410533,24.108136312329066,24.32375989774087
23.871678600485225,23.87161019526288,23.87376180571914,23.865861756811945,23.797686781418086,23.931653426819594,24.268778815086964,24.414536060930963,24.324053085711714,24.12617673883377,24.13182411182264,23.9991549435074,24.06614822336577,24.12172569780443,24.0953299144349,24.095318103003017,24.094029545843807,24.10364831263354,24.110868424383302,23.98557228886375,24.121648735285202,23.853440932899428,24.322745605611335,24.397093203859928,24.13919414639273,23.49129293570672,23.259121546729585,23.41781100438305
23.82768103969715,23.826953387551093,23.82480340487482,23.829260975533238,23.751184089687648,24.192265526639527,24.145469936823407,21.64407927491326,25.00173276338007,24.866912807409925,24.55134525230632,24.340333793402475,23.71982321335023,23.46077399432689,24.68925270578388,24.68923984373901,24.694735637448233,24.663239477656116,24.522529606447073,24.202047153216093,23.710722702410244,21.631965360294544,21.653743608412732,24.733388365612086,25.329504816521286,25.399244728126813,25.364635440391705,25.34905208350843
24.141061254461814,24.1405738644568,24.160831960247744,24.028611402345675,24.127366336576717,25.084580080981475,24.6605594116942,24.42419599698236,24.66960946697707,25.276967620555617,25.009186492976504,24.72943891651117,24.707285592256802,24.700751709032744,25.30187361414693,25.301189800172285,25.29862892011029,25.31514465972795,24.892384161679566,24.72150808040465,24.68615628376011,24.530601043624667,24.185620463575308,24.97702903878196,24.801812740584577,24.513505512326777,24.664931111368297,24.653342826250032
24.475022892794687,24.476250357469674,24.476204142440118,24.47409413288454,24.961645405298363,25.088810687835746,25.201071745577078,24.784160448300987,24.613548706173287,24.853150139935835,24.889073824461676,24.392028399630792,24.59689403955552,24.494344585573945,24.910515520122033,24.910258952876486,24.8893283194611,25.033572189453054,24.65162715793467,24.51063630821323,24.506107732135103,24.419710617298925,24.607761397311567,24.484399191013722,24.677267975853592,24.707461699102495,24.40895586410211,24.34570547872987
24.656872598734317,24.657617241107236,24.661322375859385,24.653491659138393,24.615494473461915,24.876556489673842,25.121597074938865,24.788452746559617,24.787945491176497,24.80646394356268,24.76824172298012,24.979481721530792,24.96809721522544,24.95382465872926,24.77813003499165,24.778457936532156,24.787643856103934,24.73379115106793,24.833443665225765,24.989413088676507,24.9521627615687,25.036747842990476,24.646301622165236,24.07954461203168,24.62723918232125,25.39614289716178,25.21909022045869,25.157020380862225
23.71827019297258,23.718343491143095,23.717949790104576,23.717995612118607,23.80966756257315,23.962257788785653,24.07570668621694,24.12230476600876,24.0242092136288,24.045863085598036,24.459152390752344,24.609040524614944,24.822458950471045,24.902217376835754,24.17077111036117,24.17042327966558,24.159485086103025,24.214918612183162,24.510543935064707,24.65376683605041,24.876232906243228,24.901204018098888,24.85985697792754,24.76334690510027,24.267775925117657,24.020662636307517,24.069414584465036,24.066678413861055
23.576834650477444,23.576166652503495,23.56617120719485,23.626198785481748,23.52274030669163,23.738996206606245,24.320763997273737,24.041888626168003,23.907573202299353,23.93337971374136,23.77821238361892,24.29988450504427,24.580474492062258,24.590343424729312,23.92729023957833,23.926578858553846,23.92851420147175,23.90854937827108,23.836452711238532,24.43145366936842,24.58979086999216,24.356376361627685,24.343443850300037,24.365577702251983,24.358739215047372,24.323951217255004,24.55592855574612,24.66605565945329
24.247324971977648,24.24788061384865,24.23699903516558,24.314526293775483,24.286993475816097,23.611999814992146,24.770098058604876,24.179223706654987,23.14046107259435,23.109870725659512,24.50617608010549,24.695160830363356,24.412545648012344,24.32187650980034,23.527019452095466,23.525747088973176,23.487899509286862,23.67228682386663,24.672044321727448,24.631019785954642,24.33292367820483,24.397264676348062,24.768632735620585,24.719151769178836,24.719092583272396,24.952809318230518,24.74754558133518,24.699421184627383
24.273612225066973,24.273551515943474,24.273732993052516,24.276621718047103,24.231375172888722,24.476565739463894,24.684888341160743,24.21279805394323,24.955958459047697,24.456811480593586,24.88090981140281,25.14075017284405,25.226609105821364,25.277884148512534,24.427880929976386,24.427494517264133,24.415354793858608,24.475692797686527,24.993609249931517,25.147119050468884,25.300199394468052,25.313185175734745,25.328732026237436,24.922209074376255,24.61433703719452,24.368349365593893,24.192792098035074,24.16566793166156
25.49136241407731,25.49040936432789,25.490676413974047,25.489437007514546,24.96506126048322,25.706473175340385,25.92378725331266,25.66910966066609,25.77672875938627,24.662232949577486,23.968296851072488,26.047535244117427,25.85684585486009,25.72858347520266,24.265060044411527,24.27051880219753,24.38512254940577,23.714674101270756,24.655041049237838,26.08229419414937,25.799536361267904,25.510515864668236,25.209767327840495,25.215209560309436,25.282643383282732,25.0830111918701,25.002833326128684,24.97122205368923
24.860183496614077,24.860101908885873,24.865180989450945,24.837140412578844,24.618221358624677,24.716186972304023,24.78974807616763,24.247547729095245,24.260302133033402,24.30469094211411,24.546260779174247,24.287458125088257,24.40156781097585,24.541833662952516,24.384468894433716,24.384275820148027,24.37591314228514,24.419315191538537,24.523797452837073,24.246425634867215,24.490187015299604,24.16540721091972,24.104781071110462,24.118375234334472,23.823588940400192,23.804126883707752,23.92062695353806,23.965441582354384
23.857016324227253,23.859467511566635,23.8988894440059,23.673411008913348,24.292717246376725,24.805885226725366,24.586986115482905,24.485302114887716,24.524043156065893,24.59620493229106,24.556668604856426,24.515787890987294,24.158637907983078,23.99039700583094,24.584970732668182,24.585190923401488,24.587968328457677,24.572022394436864,24.55995301619377,24.465617920234912,23.99324257483501,23.99339173408275,23.24026099708924,19.817236792069522,19.856591974171387,19.660809184308256,21.435233023878002,21.779570940500403
24.17040734950779,24.17098058955399,24.169990980235653,24.16079012177071,24.78063938693465,24.694715135499642,24.46688943645877,24.57116168108276,24.866657929126966,25.00467585029333,24.65866530685733,24.132795058750037,24.126480841125147,24.220947858506047,24.963183854684218,24.962848483455307,24.965192435804337,24.953020069890915,24.526761044860162,24.06200099715344,24.190084436571407,23.758495036104954,24.337849484155978,24.626686097256304,24.557771777512777,24.092922185335752,22.62416426091571,21.924286091205712
23.914532621250466,23.913976791994642,23.90725842379706,23.935566797591157,23.908989063250043,23.856077111656454,23.72600476719097,23.542760064023586,23.444219133436814,23.57881548110604,23.57851848243157,23.715508330945802,24.05316013939236,24.190621144973008,23.61977937598986,23.619827512778265,23.62310345942272,23.60362912516048,23.596326285496595,23.78063949220354,24.142405278501403,24.2824706294966,24.644902180943355,24.887166875495197,24.696438359172205,24.45276618241344,24.312517137582123,24.271049152308596
23.539581793271637,23.53998128906178,23.54634278426537,23.513868461763234,23.354254352450013,22.97316802352025,23.293094291728444,23.7606994503156,23.005984855133708,24.453435365334215,24.11496900396507,23.89989563405051,24.243236577594743,24.40890660401158,24.615332826344233,24.614882792643648,24.62175373396341,24.586661877521827,23.98657671035998,23.925017294886704,24.498299496856472,23.262156130506497,24.075754232981282,23.542358943582208,24.199301902244137,24.316275742868605,23.96597884853361,23.881610672954388
23.19186467422368,23.19159397962071,23.186188496300552,23.198144541444933,23.707143398286895,23.97008182345581,23.759143707025757,24.35245653232834,24.603200798854722,24.20985534059366,24.51750643115766,24.179738198208565,23.918690590487905,23.92126693924146,24.297191727171107,24.29692629125343,24.28208518761212,24.357609711621368,24.49099664940343,24.061399032402306,23.934887871653906,24.052640782657242,24.72406530619966,24.773382606188058,24.99211475302729,24.744080274338405,24.505218798953546,24.460085879083884
23.808645339986757,23.808631530274717,23.807436511796222,23.809542279913423,23.83266988497666,23.298322979968734,23.219311388860838,23.356026713580036,23.358466848158827,23.415843630301694,23.31310454634481,22.735813250765055,22.69814836600833,22.91035525836596,23.408900738308148,23.408871171064533,23.406303098516158,23.427383488725383,23.20757957833941,22.577562363400865,22.964936388831784,23.994272885252812,23.190847973453366,24.07392993955681,24.15030766437092,24.545153966187833,24.903923333058895,24.941562404218352
23.508335222267654,23.50837780065258,23.52271512292876,23.425254635204332,23.80656596726968,24.439645358998895,24.28550409126167,23.93430522303552,23.912764339517146,23.99858039033824,24.216672831125102,24.272479858996977,24.103652472568605,24.123743432137207,24.04290047984302,24.043058936288322,24.042070036975392,24.042506583142366,24.284718696856473,24.19374245816439,24.157804960226017,24.380872837880826,24.33035288758817,24.374411161087938,24.053442809941647,23.533515103569204,24.297917747030656,24.628782853966324
23.98525000755673,23.985218654249188,23.990122075501624,23.965080967157277,23.794511311614514,23.915567434535486,24.054783913811136,24.04418566271351,24.029229860838615,23.837409402810543,24.110481414302072,24.336154165299412,24.17015339533535,24.00519984839314,23.871641374393977,23.872186489603394,23.87064597015131,23.877722583980297,24.1855481921665,24.377717881808795,23.939716887647055,23.963270724227243,24.041744300423026,23.57713311261533,24.151644977006,24.044782325018154,23.81116683492514,23.74589028529775
20.244495947350917,20.252267339366608,20.3787734264564,19.711455013815037,21.56876272184164,23.715751972574406,23.483784673913544,24.54393883622575,24.551543087031447,24.246240096938475,24.339618435159476,23.975870476236683,24.374512836219203,24.641733165655694,24.253438692448764,24.254053915954064,24.25487195426636,24.25485383358775,24.295796558804433,23.95382300849975,24.620042175444933,23.436281941636373,24.016555241821127,24.330399655320527,24.049499604161273,23.967587511665194,24.173778076756793,24.23452081498532
23.649207216550078,23.649846321470186,23.652644568559147,23.63787016007946,23.77352931681299,23.858185753129614,23.707116335432794,23.572799073441733,23.683903882982072,23.4577482170519,23.44830759094526,23.888721053316896,23.874904294422095,23.968074407120096,23.248639204274788,23.25325739156108,23.299773603069724,23.057257451683363,23.697583107813767,23.788036743767897,24.264124547276236,21.68634426476877,19.72812676614857,22.553651956691642,24.257018479189586,24.236912192536707,24.4022080748198,24.48751904703019
23.1850293944239,23.184787581608393,23.17294068950482,23.239821741045084,23.407792147656703,23.34818592639104,23.518935490158576,23.642320011693435,23.703233811130982,23.716920326485965,23.81042988747512,23.602783800642463,23.12452913616856,22.899998361999685,23.742734649797786,23.74302349696847,23.741885212844988,23.74940390531327,23.7909823884523,23.512495031995158,23.0200132886117,22.029395557062387,19.973105482201376,19.089268297604576,18.953688567957997,19.052729875971146,19.16319681989902,19.0742001230386
24.309708920603505,24.309897134178538,24.29840477730725,24.357134002927246,24.735724664992564,24.571088793599863,24.24576836877317,19.0552868647177,23.15995302532592,24.2768121150512,24.676186288499384,25.35638234711945,25.476637420838514,25.433731818529644,24.14927150922739,24.149885307923114,24.146657351977886,24.16320834654561,24.880521795259817,25.417990104167032,25.641882049101223,23.823622990267733,23.637241411765892,26.05319999685539,26.34381166908074,25.959483070241678,25.69857048999248,25.613738357244117
24.54484420919984,24.544736708848305,24.540436495951,24.56155648084019,24.65086359002258,24.607839322576453,24.906628915310158,24.982953763549588,24.754320446050862,24.74343432239644,24.60546583693813,24.113519435590096,23.898992922102337,23.87387049155309,24.739360462978034,24.738854457666402,24.73286117608234,24.771201563477952,24.482675190429703,24.01341439553913,23.98549177744112,23.2858537173083,23.76259478124291,24.22146507601102,24.182741517427463,24.207873956726953,24.19758731210762,24.163160072323517
26.802531821375105,26.801523882760755,26.780251671769935,26.896937908578867,26.601099519515518,26.14412323458138,26.754763072762014,26.47046653009376,25.84769583616033,26.023576156246527,25.099912450429883,24.363543468724743,25.511843903173784,26.09767247886128,25.82833010518551,25.828134122111827,25.84725384588623,25.756868750843573,24.84714182787958,24.45618572589748,26.03703707274792,24.575086217240553,25.038279879610954,26.407182839840942,26.32491427958813,26.218989068442866,25.970083993282756,25.897065777799156
24.33062315683381,24.33046562085683,24.31617248003713,24.38206065715598,24.93136402963058,24.69065176136469,24.60481851688835,24.71099617316299,24.814311422028457,24.806737501273254,24.841735171033307,24.67711500065154,24.360175405129407,24.248221058995227,24.804316582734984,24.804248155412015,24.801731905375938,24.814606290270177,24.826838542394675,24.6030515959927,24.291425928469785,24.094008211488088,24.339691530364288,24.43663732155055,23.928130575868483,23.38087406319574,22.955898713278412,22.791478929756412
23.79406751648598,23.793535337941282,23.791264862589692,23.800459083280128,23.70387765894379,23.65777724369636,24.122025059746143,24.788713750657312,24.899246641005828,24.257624761209996,24.50039415055176,24.845394139210516,24.524725115387675,24.5052214960385,24.01814926989729,24.021658594945126,24.048114410992856,23.92010171397623,24.741171529960717,24.732595687728903,24.42221562951804,25.502757616206722,21.11577491955184,19.158914090220645,25.33015640534245,25.33832607794271,24.705227777262866,24.436569207124194
24.774606408530026,24.772683609115152,24.71747662891263,24.978622800118302,25.240105022228544,24.88808680232544,25.209030237732136,24.90574033115969,24.974842379564084,25.25393779936023,25.184614374219738,25.032631004930725,24.94870681804019,24.97554412881994,25.21318768006997,25.213436588354952,25.216605066798675,25.20026074837181,25.173301881474092,24.938826183538914,25.266427890702076,22.889763925967262,23.35436562983748,24.915277238769413,24.64825476941762,24.57490515685867,24.60931210680138,24.671647723481335
24.929426299984232,24.92958804573745,24.923716606664893,24.938485765202003,24.873241164195566,22.25243724827498,24.617033192544294,25.369380666937456,24.793664348901775,24.870304157321428,25.00828914603295,25.019658887140608,25.572443685737085,25.60283343059865,24.968506305860195,24.96891278337965,24.962963421910494,25.011062387198223,24.927426459208395,25.216913735796606,25.553304922174597,25.05100625980431,24.798625379762413,25.29419898558707,25.59758389946851,25.173273505322978,24.757608926238102,24.633877123916385
24.183840846828467,24.18412570295181,24.184222276158774,24.174451546182063,24.47961411286311,24.711069206620508,25.159565526629912,25.926913212556272,26.17812797446952,25.641588974769405,25.332703298048585,26.281388909542496,26.247522445808734,26.078857143933142,25.45722309693999,25.457139019362458,25.47934447426981,25.340237132329037,25.544216439744126,26.38397179882474,26.185987302118868,25.162116148595484,24.645033635344692,26.449329472186577,22.779359802706423,25.36673881843835,26.20774253476612,26.20927922010529
26.14508300831717,26.145326028573173,26.150005708540363,26.1522123369051,25.64765682150737,25.432056286402656,26.216243893602606,25.694806503670378,25.32396011892853,25.500284000946305,25.763465658609185,25.676995315200877,25.703424946941617,25.743943380371217,25.569676770075546,25.569800440554154,25.565441778465377,25.592690573035064,25.774151945871978,25.656749297083408,25.73908041406842,25.737798560297172,25.741796252723347,24.41701908798683,22.33565403590744,24.819255102823206,25.070586321592774,24.939633029372494
25.896112401013767,25.895588889358258,25.90793508666562,25.826679707914288,25.739780315416805,26.624991519729583,26.734711363335006,25.931556123693383,25.442213399818417,24.83420440313225,24.953895332236932,25.68191626554616,25.317192371594,25.165022463594756,24.7090751915784,24.71019419443695,24.731397071815394,24.602452103168826,25.22171556860789,25.63722048903921,25.236435595712425,25.42379520706111,25.569133186423596,25.78525378759252,26.36942822340952,26.223890634611863,25.45171352298185,25.165431581744638
25.043508725396364,25.041770172953502,25.066073738983462,24.89736210421432,24.663531039268978,25.606697795615826,24.9477289329759,24.847254285122297,25.244694335281807,25.47184605039302,25.108356433913997,24.450909714520147,25.077105022354164,25.289529859647647,25.430830612427677,25.43047502166072,25.42036241404682,25.50888441579381,24.817970319759553,24.561009080412248,25.248307140977808,25.76728790476442,25.046032647326356,24.62443060459909,25.550459876220025,25.28147065706527,25.012728168234226,24.92711904128328
24.12472702157952,24.125260693129462,24.13185509290978,24.0933868626657,24.343104261589758,24.514873044165316,24.455130644083095,24.608731124533357,24.72404863212981,24.568462253530807,24.56385530941709,24.690784838249233,24.971341833091863,25.062678987067557,24.531240671350037,24.5320208294303,24.541491416891024,24.49106272035217,24.607033732185265,24.717402076641786,25.237981570831423,23.32380328956502,24.192471811180422,25.374364877228487,25.476369739304154,25.155183647840065,24.61339181269751,24.458600833459908
25.128258833689827,25.129013667000002,25.122972385900454,25.15878268265781,25.555157515324936,25.327431880976462,25.818304536911818,25.22649424902474,24.58519348138332,24.337301473577494,24.425182669321263,24.354442338745855,24.787270795311407,24.996627480811917,24.331133442968735,24.331931723008566,24.33437602101007,24.326837908889637,24.42379722341539,24.379993136237765,25.04327784526374,23.62551794982828,20.17137096290041,20.91745372520419,24.70662259819042,24.512370329195484,24.2453664883556,24.182009663170124
22.99904182286409,23.001195320017086,23.012189909890473,22.967527841795352,23.61769877220885,23.857503670956156,23.674343170107015,23.717789778711804,24.73347232393179,24.908199339982318,25.11984094473528,25.00045925055748,24.65811575777044,24.817762399495724,24.92580415537627,24.926704842707938,24.93342283504129,24.890509698587316,25.22205556693701,24.771388192526388,24.86045782340072,25.373251271152487,25.191209079413486,24.89940368373435,24.367186540023255,23.566328119660334,22.054635631585676,21.372780709775572
25.128813898273524,25.127623994130104,25.116289692526827,25.192473541461514,24.455083361829846,23.527993247742028,24.52406101611297,24.600587105051314,24.14707396919662,24.068259133228835,24.445778492295577,24.64720863050938,24.395277430200466,24.25244276031842,24.171908207733537,24.17158657334014,24.163454273900825,24.197914509727603,24.528463809379115,24.629576965089395,24.282959202687213,24.319520841006703,24.486462298606313,24.405322814492443,24.337434818796694,24.296120706602125,24.38981956597873,24.44564917871739
23.92303944392225,23.922794479886782,23.89388592653666,24.046387541986363,24.93672714063963,24.650782045262247,25.07680741534787,25.284197222173873,24.475353691930557,23.07339883280862,25.138557113147876,25.42940065872564,25.01221363523477,24.451147639181,23.53308313012986,23.528661349005326,23.42934655549261,23.917193670304453,25.253673416992847,25.64632346068652,24.051084120557462,22.915719223933984,22.779177901510153,25.04814576364368,25.224406865118418,25.545405030070107,25.822510696812934,25.801731618357234
25.50934911536634,25.508996193140927,25.501975722023737,25.530360454376698,25.57647528661489,25.33581776985674,25.08695372724718,25.267592924642777,24.599647187976508,24.67553559620808,25.208723816411,25.128967699846143,24.80427356154508,24.64314595222621,25.04232531448441,25.041501789861943,25.02147919792498,25.120572456047736,25.186895500113454,25.083144332746635,24.721570966282307,24.716518394033518,24.757445176722985,24.892476754835947,24.936791435428276,24.981702969360043,24.950924916628537,24.93361121728723
